-0.121097 -95.055183,59.900058 78.755107,-60.019052 91.179640,39.989112 -62.038857,19.960339 113.650109,-79.460942 -84.703090,79.421930 -15.469562,-20.187454 146.270801,-40.173201 -38.076082,59.900058 168.755107,-60.019052 -178.820360,-0.121097 -5.055183,19.960339 -156.349891,-79.460942 5.296910,39.989112 27.961143,-20.187454 -123.729199,-40.173201 51.923918,79.421930 74.530438
3.523138 -95.077841,56.300571 79.317249,-63.596522 91.942465,43.612427 -61.880725,16.319061 113.651610,-76.023274 -79.860364,82.717409 -5.979279,-23.821104 146.284556,-36.555798 -37.958041,56.300571 169.317249,-63.596522 -178.057535,3.523138 -5.077841,16.319061 -156.348390,-76.023274 10.139636,43.612427 28.119275,-23.821104 -123.715444,-36.555798 52.041959,82.717409 84.020721
7.167451 -95.098692,52.694325 79.739542,-67.162375 92.995938,47.231594 -61.670415,12.676407 113.643946,-72.519540 -77.011094,85.497288 17.072175,-27.451713 146.313379,-32.934245 -37.872775,52.694325 169.739542,-67.162375 -177.004062,7.167451 -5.098692,12.676407 -156.356054,-72.519540 12.988906,47.231594 28.329585,-27.451713 -123.686621,-32.934245 52.127225,85.497288 107.072175
10.811418 -95.115843,49.082399 80.059282,-70.711778 94.500122,50.846125 -61.392806,9.032780 113.629460,-68.981722 -75.173905,86.312350 68.045803,-31.078954 146.361039,-29.308851 -37.813751,49.082399 170.059282,-70.711778 -175.499878,10.811418 -5.115843,9.032780 -156.370540,-68.981722 14.826095,50.846125 28.607194,-31.078954 -123.638961,-29.308851 52.186249,86.312350 158.045803
14.454621 -95.127275,45.465538 80.301834,-74.235377 96.755602,54.455387 -61.026781,5.388591 113.610260,-65.423484 -73.916059,84.254848 105.486989,-34.702511 146.432153,-25.679926 -37.775804,45.465538 170.301834,-74.235377 -173.244398,14.454621 -5.127275,5.388591 -156.389740,-65.423484 16.083941,54.455387 28.973219,-34.702511 -123.567847,-25.679926 52.224196,84.254848 -164.513011
18.096653 -95.130777,41.844291 80.485068,-77.712902 100.395165,58.058497 -60.541872,1.744263 113.588295,-61.851522 -73.019237,81.139673 120.029778,-38.322078 146.532497,-22.047790 -37.754764,41.844291 170.485068,-77.712902 -169.604835,18.096653 -5.130777,1.744263 -156.411705,-61.851522 16.980763,58.058497 29.458128,-38.322078 -123.467503,-22.047790 52.245236,81.139673 -149.970222
21.737117 -95.123854,38.219102 80.621969,-81.092428 106.979233,61.654131 -59.892387,-1.899781 113.565424,-58.269449 -72.361901,77.748032 126.698196,-41.937340 146.669459,-18.412780 -37.747191,38.219102 170.621969,-81.092428 -163.020767,21.737117 -5.123854,-1.899781 -156.434576,-58.269449 17.638099,61.654131 30.107613,-41.937340 -123.330541,-18.412780 52.252809,77.748032 -143.301804
25.375632 -95.103625,34.590354 80.722222,-84.202570 121.245545,65.240173 -59.006531,-5.543115 113.543476,-54.679361 -71.871158,74.256824 130.369861,-45.547960 146.852698,-14.775251 -37.750183,34.590354 170.722222,-84.202570 -148.754455,25.375632 -5.103625,-5.543115 -156.456524,-54.679361 18.128842,65.240173 30.993469,-45.547960 -123.147302,-14.775251 52.249817,74.256824 -139.630139
29.011830 -95.066674,30.958401 80.793231,-86.291925 157.870373,68.813020 -57.764765,-9.185320 113.524309,-51.082551 -71.500673,70.719207 132.639646,-49.153542 147.095154,-11.135577 -37.761231,30.958401 170.793231,-86.291925 -112.129627,29.011830 -5.066674,-9.185320 -156.475691,-51.082551 18.499327,68.813020 32.235235,-49.153542 -122.904846,-11.135577 52.238769,70.719207 -137.360354
32.645357 -95.008865,27.323590 80.840784,-85.555300 -150.923417,72.366050 -55.952752,-12.825984 113.509873,-47.479864 -71.219576,67.155852 134.150879,-52.753586 147.414626,-7.494147 -37.778115,27.323590 170.840784,-85.555300 -60.923417,32.645357 -5.008865,-12.825984 -156.490127,-47.479864 18.780424,72.366050 34.047248,-52.753586 -122.585374,-7.494147 52.221885,67.155852 -135.849121
36.275865 -94.925082,23.686271 80.869504,-82.814644 -127.318258,75.885841 -53.146658,-16.464710 113.502275,-43.871888 -71.006492,63.576289 135.208043,-56.347401 147.836359,-3.851366 -37.798808,23.686271 170.869504,-82.814644 -37.318258,36.275865 -4.925082,-16.464710 -156.497725,-43.871888 18.993508,75.885841 36.853342,-56.347401 -122.163641,-3.851366 52.201192,63.576289 -134.791957
39.903006 -94.808851,20.046805 80.883166,-79.541266 -117.624744,79.341153 -48.388306,-20.101114 113.503856,-40.259067 -70.846124,59.985458 135.972865,-59.933965 148.397432,-0.207650 -37.821413,20.046805 170.883166,-79.541266 -27.624744,39.903006 -4.808851,-20.101114 -156.496144,-40.259067 19.153876,79.341153 41.611694,-59.933965 -121.602568,-0.207650 52.178587,59.985458 -134.027135
43.526414 -94.651811,16.405565 80.884916,-76.105880 -112.713286,82.642588 -39.070363,-23.734832 113.517293,-36.641766 -70.727211,56.386148 136.538922,-63.511672 149.154666,3.436579 -37.844091,16.405565 170.884916,-76.105880 -22.713286,43.526414 -4.651811,-23.734832 -156.482707,-36.641766 19.272789,82.642588 50.929637,-63.511672 -120.845334,3.436579 52.155909,56.386148 -133.461078
47.145685 -94.442896,12.762939 80.877441,-72.603231 -109.831416,85.444773 -16.548447,-27.365518 113.545717,-33.020308 -70.641249,52.780048 136.964045,-67.077846 150.199740,7.080895 -37.865007,12.762939 170.877441,-72.603231 -19.831416,47.145685 -4.442896,-27.365518 -156.454283,-33.020308 19.358751,85.444773 73.451553,-67.077846 -119.800260,7.080895 52.134993,52.780048 -133.035955
50.760332 -94.167102,9.119330 80.863091,-69.066024 -107.976445,86.331905 33.982128,-30.992843 113.592880,-29.395002 -70.581666,49.168248 137.285891,-70.627722 151.690518,10.724875 -37.882269,9.119330 170.863091,-69.066024 -17.976445,50.760332 -4.167102,-30.992843 -156.407120,-29.395002 19.418334,86.331905 123.982128,-70.627722 -118.309482,10.724875 52.117731,49.168248 -132.714109
54.369728 -93.803484,5.475150 80.843980,-65.508176 -106.707904,84.321676 72.184914,-34.616491 113.663375,-25.766157 -70.543269,45.551497 137.530045,-74.152104 153.922770,14.368102 -37.893862,5.475150 170.843980,-65.508176 -16.707904,54.369728 -3.803484,-34.616491 -156.336625,-25.766157 19.456731,84.321676 162.184914,-74.152104 -116.077230,14.368102 52.106138,45.551497 -132.469955
57.972998 -93.321852,1.830820 80.822059,-61.936489 -105.804175,81.218079 87.040958,-38.236156 113.762947,-22.134094 -70.521870,41.930349 137.714522,-77.631124 157.517182,18.010165 -37.897579,1.830820 170.822059,-61.936489 -15.804175,57.972998 -3.321852,-38.236156 -156.237053,-22.134094 19.478130,81.218079 177.040958,-77.631124 -112.482818,18.010165 52.102421,41.930349 -132.285478
61.568829 -92.676975,-1.813236 80.799188,-58.354628 -105.142133,77.830072 93.817502,-41.851524 113.898938,-18.499148 -70.514013,38.305249 137.852400,-81.014132 163.997634,21.650671 -37.890936,-1.813236 170.799188,-58.354628 -15.142133,61.568829 -2.676975,-41.851524 -156.101062,-18.499148 19.485987,77.830072 -176.182498,-81.014132 -106.002366,21.650671 52.109064,38.305249 -132.147600
65.155133 -91.797867,-5.456591 80.777197,-54.764714 -104.648048,74.340403 97.535794,-45.462258 114.080944,-14.861675 -70.516784,34.676581 137.953430,-84.135153 177.967496,25.289236 -37.871059,-5.456591 170.777197,-54.764714 -14.648048,65.155133 -1.797867,-45.462258 -155.919056,-14.861675 19.483216,74.340403 -172.464206,-84.135153 -92.032504,25.289236 52.128941,34.676581 -132.046570
68.728353 -90.566522,-9.098828 80.757942,-51.168052 -104.275111,70.803582 99.829400,-49.067966 114.321809,-11.222047 -70.527668,31.044700 138.025061,-86.268828 -146.158939,28.925494 -37.834550,-9.098828 170.757942,-51.168052 -14.275111,68.728353 -0.566522,-49.067966 -155.678191,-11.222047 19.472332,70.803582 -170.170600,-86.268828 -56.158939,28.925494 52.165450,31.044700 -131.974939
72.281971 -88.771770,-12.739533 80.743371,-47.565497 -103.992169,67.240701 101.354313,-52.668148 114.639196,-7.580654 -70.544437,27.409953 138.073114,-85.605363 -94.583235,32.559088 -37.777292,-12.739533 170.743371,-47.565497 -13.992169,72.281971 1.228230,-52.668148 -155.360804,-7.580654 19.455563,67.240701 -168.645687,-85.605363 -4.583235,32.559088 52.222708,27.409953 -131.926886
75.802804 -85.997158,-16.378310 80.735584,-43.957641 -103.777666,63.661454 102.420019,-56.262121 115.058128,-3.937900 -70.565062,23.772690 138.102235,-82.888580 -70.423864,36.189672 -37.694194,-16.378310 170.735584,-43.957641 -13.777666,75.802804 4.002842,-56.262121 -154.941872,-3.937900 19.434938,63.661454 -167.579981,-82.888580 19.576136,36.189672 52.305806,23.772690 -131.897765
79.260297 -81.304701,-20.014774 80.736917,-40.344931 -103.616189,60.070852 103.190512,-59.848873 115.615333,-0.294201 -70.587643,20.133270 138.116216,-79.621508 -60.548857,39.816897 -37.578823,-20.014774 170.736917,-40.344931 -13.616189,79.260297 8.695299,-59.848873 -154.384667,-0.294201 19.412357,60.070852 -166.809488,-79.621508 29.451143,39.816897 52.421177,20.133270 -131.883784
82.567531 -72.154826,-23.648560 80.750038,-36.727733 -103.496399,56.471721 103.760517,-63.426816 116.367026,3.350020 -70.610341,16.492068 138.118216,-76.188451 -55.567288,43.440399 -37.422867,-23.648560 170.750038,-36.727733 -13.496399,82.567531 17.845174,-63.426816 -153.632974,3.350020 19.389659,56.471721 -166.239483,-76.188451 34.432712,43.440399 52.577133,16.492068 -131.881784
85.391259 -50.149330,-27.279321 80.778066,-33.106370 -103.409737,52.865769 104.188491,-66.993308 117.403787,6.994339 -70.631320,12.849470 138.110932,-72.686903 -52.652294,47.059772 -37.215340,-27.279321 170.778066,-33.106370 -13.409737,85.391259 39.850670,-66.993308 -152.596213,6.994339 19.368680,52.865769 -165.811509,-72.686903 37.347706,47.059772 52.784660,12.849470 -131.889068
86.349549 -0.094807,-30.906729 80.824734,-29.481151 -103.349592,49.254094 104.512456,-70.543653 118.881320,10.638332 -70.648692,9.205880 138.096720,-69.150314 -50.779307,50.674536 -36.941348,-30.906729 170.824734,-29.481151 -13.349592,86.349549 89.905193,-70.543653 -151.118680,10.638332 19.351308,49.254094 -165.487544,-69.150314 39.220693,50.674536 53.058652,9.205880 -131.903280
84.387989 38.870041,-34.530469 80.894614,-25.852387 -103.310744,45.637453 104.758223,-74.068808 121.090671,14.281581 -70.660443,5.561708 138.077699,-65.592860 -49.499951,54.284066 -36.580121,-34.530469 170.894614,-25.852387 -13.310744,84.387989 128.870041,-74.068808 -148.909329,14.281581 19.339557,45.637453 -165.241777,-65.592860 40.500049,54.284066 53.419879,5.561708 -131.922301
81.296345 54.048067,-38.150232 80.993418,-22.220396 -103.288984,42.016405 104.943950,-77.549296 124.640713,17.923677 -70.664375,1.917377 138.055823,-62.021451 -48.589247,57.887494 -36.101742,-38.150232 170.993418,-22.220396 -13.288984,81.296345 144.048067,-77.549296 -145.359287,17.923677 19.335625,42.016405 -165.056050,-62.021451 41.410753,57.887494 53.898258,1.917377 -131.944177
77.912060 60.935206,-41.765706 81.128443,-18.585515 -103.280841,38.391394 105.082811,-80.935707 131.019820,21.564224 -70.658010,-1.726690 138.032953,-58.439803 -47.922458,61.483523 -35.461432,-41.765706 171.128443,-18.585515 -13.280841,77.912060 150.935206,-80.935707 -138.980180,21.564224 19.341990,38.391394 -164.917189,-58.439803 42.077542,61.483523 54.538568,-1.726690 -131.967047
74.423956 64.700962,-45.376554 81.309222,-14.948097 -103.283390,34.762806 105.184622,-84.067271 144.701201,25.202840 -70.638485,-5.370067 138.010920,-54.850062 -47.425006,65.070086 -34.589009,-45.376554 171.309222,-14.948097 -13.283390,74.423956 154.700962,-84.067271 -125.298799,25.202840 19.361515,34.762806 -164.815378,-54.850062 42.574994,65.070086 55.410991,-5.370067 -131.989080
70.887942 67.018734,-48.982386 81.548508,-11.308516 -103.294108,31.130998 105.256878,-86.243931 179.827936,28.839156 -70.602415,-9.012335 137.991578,-51.253550 -47.049600,68.643676 -33.367970,-48.982386 171.548508,-11.308516 -13.294108,70.887942 157.018734,-86.243931 -90.172064,28.839156 19.397585,31.130998 -164.743122,-51.253550 42.950400,68.643676 56.632030,-9.012335 -132.008422
67.325541 68.557495,-52.582707 81.863823,-7.667160 -103.310761,27.496315 105.305433,-85.654323 -128.263499,32.472818 -70.545704,-12.653082 137.976872,-47.651127 -46.764800,72.197874 -31.590255,-52.582707 171.863823,-7.667160 -13.310761,67.325541 158.557495,-85.654323 -38.263499,32.472818 19.454296,27.496315 -164.694567,-47.651127 43.235200,72.197874 58.409745,-12.653082 -132.023128
63.746613 69.631831,-56.176837 82.279975,-4.024434 -103.331318,23.859107 105.334958,-82.962256 -103.536662,36.103478 -70.463289,-16.291908 137.968897,-44.043391 -46.548869,75.719734 -28.846638,-56.176837 172.279975,-4.024434 -13.331318,63.746613 159.631831,-82.962256 -13.536662,36.103478 19.536711,23.859107 -164.665042,-44.043391 43.451131,75.719734 61.153362,-16.291908 -132.031103
60.156242 70.408048,-59.763776 82.833342,-0.380753 -103.353873,20.219734 105.349259,-79.701666 -93.475485,39.730786 -70.348771,-19.928431 137.969985,-40.430792 -46.386278,79.179365 -24.218798,-59.763776 172.833342,-0.380753 -13.353873,60.156242 160.408048,-79.701666 -3.475485,39.730786 19.651229,20.219734 -164.650741,-40.430792 43.613722,79.179365 65.781202,-19.928431 -132.030015
56.557291 70.982033,-63.341954 83.579543,3.263461 -103.376589,16.578570 105.351511,-76.270986 -88.422387,43.354381 -70.193894,-23.562285 137.982792,-36.813696 -46.265606,82.492243 -15.232844,-63.341954 173.579543,3.263461 -13.376589,56.557291 160.982033,-76.270986 1.577613,43.354381 19.806106,16.578570 -164.648489,-36.813696 43.734394,82.492243 74.767156,-23.562285 -132.017208
52.951486 71.412879,-66.908761 84.608078,6.907783 -103.397632,12.936001 105.344418,-72.770556 -85.473737,46.973858 -69.987746,-27.193122 138.010425,-33.192429 -46.178240,85.336782 6.269200,-66.908761 174.608078,6.907783 -13.397632,52.951486 161.412879,-72.770556 4.526263,46.973858 20.012254,12.936001 -164.655582,-33.192429 43.821760,85.336782 96.269200,-27.193122 -131.989575
49.339937 71.738977,-70.459570 86.072521,10.551788 -103.415111,9.292429 105.330346,-69.234592 -83.582495,50.588738 -69.715545,-30.820614 138.056602,-29.567298 -46.117530,86.365254 55.816198,-70.459570 176.072521,10.551788 -13.415111,49.339937 161.738977,-69.234592 6.417505,50.588738 20.284455,9.292429 -164.669654,-29.567298 43.882470,86.365254 145.816198,-30.820614 -131.943398
45.723407 71.986367,-73.985487 88.259294,14.195060 -103.427021,5.648267 105.311416,-65.677536 -82.292201,54.198401 -69.356693,-34.444444 138.125869,-25.938614 -46.078229,84.453768 95.542017,-73.985487 178.259294,14.195060 -13.427021,45.723407 161.986367,-65.677536 7.707799,54.198401 20.643307,5.648267 -164.688584,-25.938614 43.921771,84.453768 -174.457983,-34.444444 -131.874131
42.102458 72.173351,-77.467420 91.765730,17.837188 -103.431166,2.003934 105.289586,-62.106407 -81.374455,57.801987 -68.881541,-38.064305 138.223908,-22.306696 -46.056106,81.374468 111.051002,-77.467420 -178.234270,17.837188 -13.431166,42.102458 162.173351,-62.106407 8.625545,57.801987 21.118459,2.003934 -164.710414,-22.306696 43.943894,81.374468 -158.948998,-38.064305 -131.776092
38.477537 72.313201,-80.857155 98.045699,21.477776 -103.425077,-1.640144 105.266719,-58.524973 -80.702878,61.398211 -68.245761,-41.679884 138.357973,-18.671880 -46.047675,77.993994 118.051278,-80.857155 -171.954301,21.477776 -13.425077,38.477537 162.313201,-58.524973 9.297122,61.398211 21.754239,-1.640144 -164.733281,-18.671880 43.952325,77.993994 -151.948722,-41.679884 -131.642027
34.849030 72.415797,-83.998942 111.446338,25.116442 -103.405901,-5.283542 105.244644,-54.935407 -80.202031,64.985032 -67.379958,-45.290847 138.537533,-15.034518 -46.050001,74.507484 121.865352,-83.998942 -158.553662,25.116442 -13.405901,34.849030 162.415797,-54.935407 9.797969,64.985032 22.620042,-5.283542 -164.755356,-15.034518 43.949999,74.507484 -148.134648,-45.290847 -131.462467
31.217294 72.488682,-86.217268 145.831858,28.752817 -103.370268,-8.925841 105.225217,-51.339044 -79.824139,68.558989 -66.169112,-48.896803 138.775249,-11.394984 -46.060552,70.972288 124.207644,-86.217268 -124.168142,28.752817 -13.370268,31.217294 162.488682,-51.339044 10.175861,68.558989 23.830888,-8.925841 -164.774783,-11.394984 43.939448,70.972288 -145.792356,-48.896803 -131.224751
27.582675 72.537742,-85.702144 -161.964427,32.386546 -103.314102,-12.566629 105.210376,-47.736754 -79.537469,72.113759 -64.408217,-52.497262 139.088506,-7.753666 -46.077088,67.410372 125.760421,-85.702144 -71.964427,32.386546 -13.314102,27.582675 162.537742,-47.736754 10.462531,72.113759 25.591783,-12.566629 -164.789624,-7.753666 43.922912,67.410372 -144.239579,-52.497262 -130.911494
23.945523 72.567671,-83.035663 -136.656855,36.017281 -103.232365,-16.205506 105.202216,-44.129138 -79.320103,75.636631 -61.695114,-56.091549 139.501898,-4.110967 -46.097574,63.831765 126.843478,-83.035663 -46.656855,36.017281 -13.232365,23.945523 162.567671,-44.129138 10.679897,75.636631 28.304886,-16.205506 -164.797784,-4.110967 43.902426,63.831765 -143.156522,-56.091549 -130.498102
20.306198 72.582295,-79.781737 -126.404684,39.644673 -103.118697,-19.842088 105.203059,-40.516651 -79.156390,79.098359 -57.130646,-59.678674 140.051459,-0.467304 -46.120104,60.241627 127.625471,-79.781737 -36.404684,39.644673 -13.118697,20.306198 162.582295,-40.516651 10.843610,79.098359 32.869354,-19.842088 -164.796941,-0.467304 43.879896,60.241627 -142.374529,-59.678674 -129.948541
16.665071 72.584800,-76.353483 -121.278603,43.268361 -102.964893,-23.476009 105.215554,-36.899658 -79.034831,82.416732 -48.304591,-63.257085 140.792218,3.176902 -46.142837,56.642857 128.203469,-76.353483 -31.278603,43.268361 -12.964893,16.665071 162.584800,-36.899658 10.965169,82.416732 41.695409,-23.476009 -164.784446,3.176902 43.857163,56.642857 -141.796531,-63.257085 -129.207782
13.022531 72.577901,-72.854190 -118.295753,46.887941 -102.760116,-27.106922 105.242795,-33.278486 -78.946758,85.281374 -27.293200,-66.824205 141.812608,6.821226 -46.163941,53.037200 128.637208,-72.854190 -28.295753,46.887941 -12.760116,13.022531 162.577901,-33.278486 11.053242,85.281374 62.706800,-27.106922 -164.757205,6.821226 43.836059,53.037200 -141.362792,-66.824205 -128.187392
9.378978 72.563970,-69.318859 -116.386012,50.502936 -102.489695,-30.734496 105.288482,-29.653443 -78.885481,86.378994 21.716415,-70.375473 143.264116,10.465244 -46.181527,49.425778 128.965454,-69.318859 -26.386012,50.502936 -12.489695,9.378978 162.563970,-29.653443 11.114519,86.378994 111.716415,-30.734496 -164.711518,10.465244 43.818473,49.425778 -141.034546,-70.375473 -126.735884
5.734825 72.545132,-65.762204 -115.084657,54.112732 -102.133199,-34.358417 105.357140,-26.024840 -78.845724,84.518994 62.200478,-73.902142 145.428628,14.108538 -46.193594,45.809359 129.214477,-65.762204 -25.084657,54.112732 -12.133199,5.734825 162.545132,-26.024840 11.154276,84.518994 152.200478,-34.358417 -164.642860,14.108538 43.806406,45.809359 -140.785523,-73.902142 -124.571372
2.090492 72.523349,-62.191358 -114.159799,57.716475 -101.661250,-37.978376 105.454419,-22.392995 -78.823235,81.452443 78.049657,-77.385494 148.892206,17.750698 -46.197951,42.188509 129.402726,-62.191358 -24.159799,57.716475 -11.661250,2.090492 162.523349,-22.392995 11.176765,81.452443 168.049657,-37.978376 -164.545581,17.750698 43.802049,42.188509 -140.597274,-77.385494 -121.107794
-1.553597 72.500485,-58.610139 -113.483392,61.312894 -101.029963,-41.594061 105.587529,-18.758244 -78.814515,78.075873 85.165684,-80.778481 155.075184,21.391327 -46.192136,38.563678 129.543570,-58.610139 -23.483392,61.312894 -11.029963,-1.553597 162.500485,-18.758244 11.185485,78.075873 175.165684,-41.594061 -164.412471,21.391327 43.807864,38.563678 -140.456430,-80.778481 -114.924816
-5.197017 72.478370,-55.020748 -112.979126,64.899971 -100.170716,-45.205137 105.765876,-15.120938 -78.816616,74.590986 89.028952,-83.930179 168.202591,25.030043 -46.173308,34.935252 129.646956,-55.020748 -22.979126,64.899971 -10.170716,-5.197017 162.478370,-15.120938 11.183384,74.590986 179.028952,-45.205137 -164.234124,25.030043 43.826692,34.935252 -140.353044,-83.930179 -101.797409
-8.839347 72.458858,-51.424535 -112.598729,68.474291 -98.969952,-48.811218 106.002032,-11.481451 -78.826998,71.056619 91.396123,-86.188877 -158.146400,28.666477 -46.138110,31.303588 129.720473,-51.424535 -22.598729,68.474291 -8.969952,-8.839347 162.458858,-11.481451 11.173002,71.056619 -178.603877,-48.811218 -163.997968,28.666477 43.861890,31.303588 -140.279527,-86.188877 -68.146400
-12.480175 72.443885,-47.822377 -112.310177,72.029628 -97.225661,-52.411814 106.313245,-7.840170 -78.843417,67.495194 92.963088,-85.748785 -105.686205,32.300273 -46.082486,27.669034 129.770040,-47.822377 -22.310177,72.029628 -7.225661,-12.480175 162.443885,-7.840170 11.156583,67.495194 -177.036912,-52.411814 -163.686755,32.300273 43.917514,27.669034 -140.229960,-85.748785 -15.686205
-16.119101 72.435540,-44.214883 -112.091366,75.553495 -94.542602,-56.006257 106.723898,-4.197500 -78.863831,63.916911 94.054958,-83.108793 -79.784651,35.931082 -46.001423,24.031938 129.800376,-44.214883 -22.091366,75.553495 -4.542602,-16.119101 162.435540,-4.197500 11.136169,63.916911 -175.945042,-56.006257 -163.276102,35.931082 43.998577,24.031938 -140.199624,-83.108793 10.215349
-19.755742 72.436140,-40.602507 -111.926526,79.017278 -90.040293,-59.593567 107.269682,-0.553855 -78.886334,60.327008 94.842781,-79.861721 -69.336511,39.558558 -45.888601,20.392660 129.815325,-40.602507 -21.926526,79.017278 -0.040293,-19.755742 162.436140,-0.553855 11.113666,60.327008 -175.157219,-59.593567 -162.730318,39.558558 44.111399,20.392660 -140.184675,-79.861721 20.663489
-23.389731 72.448324,-36.985617 -111.804076,82.341004 -81.370235,-63.172210 108.005047,3.090344 -78.909084,56.728418 95.424824,-76.435943 -64.135957,43.182338 -45.735863,16.751572 129.818085,-36.985617 -21.804076,82.341004 8.629765,-23.389731 162.448324,3.090344 11.090916,56.728418 -174.575176,-63.172210 -161.994953,43.182338 44.264137,16.751572 -140.181915,-76.435943 25.864043
-27.020719 72.475175,-33.364541 -111.715291,85.225068 -60.836889,-66.739640 109.017376,6.734670 -78.930248,53.122910 95.861478,-72.937804 -61.118350,46.802021 -45.532448,13.109061 129.811381,-33.364541 -21.715291,85.225068 29.163111,-27.020719 162.475175,6.734670 11.069752,53.122910 -174.138522,-66.739640 -160.982624,46.802021 44.467552,13.109061 -140.188619,-72.937804 28.881650
-30.648376 72.520375,-29.739587 -111.653443,86.390748 -12.392814,-70.291362 110.456102,10.378700 -78.947940,49.511615 96.191887,-69.403115 -59.189862,50.417131 -45.263795,9.465527 129.797591,-29.739587 -21.653443,86.390748 77.607186,-30.648376 162.520375,10.378700 11.052060,49.511615 -173.808113,-70.291362 -159.543898,50.417131 44.736205,9.465527 -140.202409,-69.403115 30.810138
-34.272388 72.588427,-26.111064 -111.613228,84.583646 28.845059,-73.818775 112.598662,14.022015 -78.960163,45.895308 96.442553,-65.846865 -57.877321,54.027060 -44.909641,5.821383 129.778846,-26.111064 -21.613228,84.583646 118.845059,-34.272388 162.588427,14.022015 11.039837,45.895308 -173.557447,-73.818775 -157.401338,54.027060 45.090359,5.821383 -140.221154,-65.846865 32.122679
-37.892444 72.684951,-22.479293 -111.590372,81.530267 45.043921,-77.303522 116.020112,17.664207 -78.964730,42.274558 96.632075,-62.276303 -56.945281,57.630959 -44.440871,2.177049 129.757111,-22.479293 -21.590372,81.530267 135.043921,-37.892444 162.684951,17.664207 11.035270,42.274558 -173.367925,-77.303522 -153.979888,57.630959 45.559129,2.177049 -140.242889,-62.276303 33.054719
-41.508234 72.817110,-18.844606 -111.581361,78.157695 52.278391,-80.699687 122.108187,21.304877 -78.959188,38.649816 96.773918,-58.695300 -56.264003,61.227571 -43.814037,-1.467050 129.734251,-18.844606 -21.581361,78.157695 142.278391,-41.508234 162.817110,21.304877 11.040812,38.649816 -173.226082,-80.699687 -147.891813,61.227571 46.185963,-1.467050 -140.265749,-58.695300 33.735997
-45.119425 72.994252,-15.207357 -111.583236,74.674461 56.191749,-83.860998 134.969654,24.943643 -78.940705,35.021472 96.878098,-55.106085 -55.756289,64.814902 -42.961286,-5.110491 129.712098,-15.207357 -21.583236,74.674461 146.191749,-45.119425 162.994252,24.943643 11.059295,35.021472 -173.121902,-83.860998 -135.030346,64.814902 47.038714,-5.110491 -140.287902,-55.106085 34.243711
-48.725629 73.228858,-11.567917 -111.593449,71.140936 58.584165,-86.158797 167.893849,28.580135 -78.905940,31.389881 96.952250,-51.510023 -55.373371,68.389582 -41.770494,-8.752851 129.692501,-11.567917 -21.593449,71.140936 148.584165,-48.725629 163.228858,28.580135 11.094060,31.389881 -173.047750,-86.158797 -102.106151,68.389582 48.229506,-8.752851 -140.307499,-51.510023 34.626629
-52.326362 73.538039,-7.926674 -111.609748,67.580007 60.165494,-85.794209 -139.428980,32.213997 -78.850855,27.755391 97.002327,-47.907998 -55.082924,71.945479 -40.042595,-12.393720 129.677397,-7.926674 -21.609748,67.580007 150.165494,-52.326362 163.538039,32.213997 11.149145,27.755391 -172.997673,-85.794209 -49.428980,71.945479 49.957405,-12.393720 -140.322603,-47.907998 34.917076
-55.920961 73.945972,-4.284032 -111.630090,64.002051 61.266270,-83.181636 -112.920264,35.844882 -78.770464,24.118352 97.033073,-44.300625 -54.862660,75.470327 -37.389120,-16.032696 129.668869,-4.284032 -21.630090,64.002051 151.266270,-55.920961 163.945972,35.844882 11.229536,24.118352 -172.966927,-83.181636 -22.920264,75.470327 52.610880,-16.032696 -140.331131,-44.300625 35.137340
-59.508456 74.488010,-0.640405 -111.652565,60.412383 62.059976,-79.941614 -102.271027,39.472441 -78.658482,20.479121 97.048348,-40.688360 -54.696685,78.936126 -32.947784,-19.669396 129.669228,-0.640405 -21.652565,60.412383 152.059976,-59.508456 164.488010,39.472441 11.341518,20.479121 -172.951652,-79.941614 -12.271027,78.936126 57.052216,-19.669396 -140.330772,-40.688360 35.303315
-63.087328 75.218030,3.003785 -111.675330,56.813976 62.646098,-76.518365 -96.994468,43.096313 -78.506804,16.838071 97.051364,-37.071574 -54.573339,82.265066 -24.429939,-23.303451 129.681103,3.003785 -21.675330,56.813976 152.646098,-63.087328 165.218030,43.096313 11.493196,16.838071 -172.948636,-76.518365 -6.994468,82.265066 65.570061,-23.303451 -140.318897,-37.071574 35.426661
-66.655066 76.222380,6.648113 -111.696553,53.208618 63.085688,-73.021399 -93.941537,46.716098 -78.304744,13.195590 97.044856,-33.450593 -54.483839,85.167895 -4.362236,-26.934515 129.707565,6.648113 -21.696553,53.208618 153.085688,-66.655066 166.222380,46.716098 11.695256,13.195590 -172.955144,-73.021399 -3.941537,85.167895 85.637764,-26.934515 -140.292435,-33.450593 35.516161
-70.207239 77.648472,10.292155 -111.714350,49.597450 63.418276,-69.487358 -91.994050,50.331324 -78.037848,9.552076 97.031209,-29.825728 -54.421418,86.400496 43.489912,-30.562255 129.752281,10.292155 -21.714350,49.597450 153.418276,-70.207239 167.648472,50.331324 11.962152,9.552076 -172.968791,-69.487358 -1.994050,86.400496 133.489912,-30.562255 -140.247719,-29.825728 35.578582
-73.735384 79.769385,13.935492 -111.726727,45.981255 63.670595,-65.931518 -90.670195,53.941384 -77.686020,5.907942 97.012558,-26.197286 -54.380741,84.647705 85.475385,-34.186356 129.819731,13.935492 -21.726727,45.981255 153.670595,-73.735384 169.769385,53.941384 12.313980,5.907942 -172.987442,-65.931518 -0.670195,84.647705 175.475385,-34.186356 -140.180269,-26.197286 35.619259
-77.221503 83.149422,17.577715 -111.731504,42.360604 63.861397,-62.361242 -89.730902,57.545439 -77.220404,2.263607 96.990872,-22.565588 -54.357517,81.607935 102.033682,-37.806510 129.915502,17.577715 -21.731504,42.360604 153.861397,-77.221503 173.149422,57.545439 12.779596,2.263607 -173.009128,-62.361242 0.269098,81.607935 -167.966318,-37.806510 -140.084498,-22.565588 35.642483
-80.620776 89.144626,21.218426 -111.726233,38.735953 64.004244,-58.780456 -89.044710,61.142243 -76.597986,-1.380503 96.968018,-18.930967 -54.348213,78.239460 109.389364,-41.422406 130.046717,21.218426 -21.726233,38.735953 154.004244,-80.620776 179.144626,61.142243 13.402014,-1.380503 -173.031982,-58.780456 0.955290,78.239460 -160.610636,-41.422406 -139.953283,-18.930967 35.651787
-83.791411 101.747228,24.857241 -111.708094,35.107690 64.109223,-55.191418 -88.533522,64.729827 -75.751668,-5.023964 96.945826,-15.293774 -54.349860,74.757909 113.353730,-45.033709 130.222661,24.857241 -21.708094,35.107690 154.109223,-83.791411 -168.252772,64.729827 14.248332,-5.023964 -173.054174,-55.191418 1.466478,74.757909 -156.646270,-45.033709 -139.777339,-15.293774 35.650140
-86.127065 133.953205,28.493792 -111.673759,31.476172 64.184014,-51.595507 -88.148065,68.304863 -74.570741,-8.666355 96.926147,-11.654382 -54.359902,71.225237 115.771766,-48.640037 130.455725,28.493792 -21.673759,31.476172 154.184014,-86.127065 -136.046795,68.304863 15.429259,-8.666355 -173.073853,-51.595507 1.851935,71.225237 -154.228234,-48.640037 -139.544275,-11.654382 35.640098
-85.838376 -173.192857,32.127720 -111.619210,27.841747 64.234604,-47.993616 -87.855711,71.861313 -72.859027,-12.307264 96.910913,-8.013178 -54.376081,67.664810 117.367636,-52.240907 130.762889,32.127720 -21.619210,27.841747 154.234604,-85.838376 -83.192857,71.861313 17.140973,-12.307264 -173.089087,-47.993616 2.144289,67.664810 -152.632364,-52.240907 -139.237111,-8.013178 35.623919
-83.254184 -146.063914,35.758680 -111.539487,24.204764 64.265761,-44.386364 -87.633984,75.387128 -70.234685,-15.946289 96.902203,-4.370564 -54.396350,64.087184 118.477412,-55.835662 131.168122,35.758680 -21.539487,24.204764 154.265761,-83.254184 -56.063914,75.387128 19.765315,-15.946289 -173.097797,-44.386364 2.366016,64.087184 -151.522588,-55.835662 -138.831878,-4.370564 35.603650
-80.021414 -135.208292,39.386322 -111.428340,20.565581 64.281363,-40.774211 -87.466869,78.854904 -65.853166,-19.583047 96.902322,-0.726956 -54.418795,60.497754 119.277056,-59.423340 131.706443,39.386322 -21.428340,20.565581 154.281363,-80.021414 -45.208292,78.854904 24.146834,-19.583047 -173.097678,-40.774211 2.533131,60.497754 -150.722944,-59.423340 -138.293557,-0.726956 35.581205
-76.600747 -129.854158,43.010286 -111.277718,16.924570 64.284637,-37.157528 -87.342621,82.188923 -57.483859,-23.217170 96.913890,2.917226 -54.441575,56.899530 119.867291,-63.002441 132.431165,43.010286 -21.277718,16.924570 154.284637,-76.600747 -39.854158,82.188923 32.516141,-23.217170 -173.086110,-37.157528 2.657379,56.899530 -150.132709,-63.002441 -137.568835,2.917226 35.558425
-73.104974 -126.765322,46.630173 -111.077004,13.282118 64.278327,-33.536643 -87.252402,85.109886 -37.869617,-26.848308 96.939966,6.561556 -54.462856,53.294322 120.309839,-66.570484 133.427615,46.630173 -21.077004,13.282118 154.278327,-73.104974 -36.765322,85.109886 52.130383,-26.848308 -173.060034,-33.536643 2.747598,53.294322 -149.690161,-66.570484 -136.572385,6.561556 35.537144
-69.571590 -124.798579,50.245514 -110.811854,9.638624 64.264824,-29.911867 -87.189404,86.408221 9.366046,-30.476131 96.984200,10.205609 -54.480758,49.683282 120.644619,-70.123102 134.841221,50.245514 -20.811854,9.638624 154.264824,-69.571590 -34.798579,86.408221 99.366046,-30.476131 -173.015800,-29.911867 2.810596,49.683282 -149.355381,-70.123102 -135.158779,10.205609 35.519242
-66.016162 -123.463282,53.855705 -110.462334,5.994500 64.246269,-26.283507 -87.148265,84.711148 52.091077,-34.100322 97.051050,13.848968 -54.493288,46.067199 120.898602,-73.651970 136.940787,53.855705 -20.462334,5.994500 154.246269,-66.016162 -33.463282,84.711148 142.091077,-34.100322 -172.948950,-26.283507 2.851735,46.067199 -149.101398,-73.651970 -133.059213,13.848968 35.506712
-62.446175 -122.516663,57.459915 -109.999849,2.350165 64.224633,-22.651882 -87.124670,81.685443 69.018822,-37.720574 97.146073,17.491222 -54.498272,42.446649 121.090691,-77.139438 140.280109,57.459915 -19.999849,2.350165 154.224633,-62.446175 -32.516663,81.685443 159.018822,-37.720574 -172.853927,-22.651882 2.875330,42.446649 -148.909309,-77.139438 -129.719891,17.491222 35.501728
-58.865608 -121.825515,61.056911 -109.381811,-1.293955 64.201785,-19.017326 -87.115071,78.321167 76.498570,-41.336574 97.276349,21.131974 -54.493270,38.822088 121.234550,-80.541751 146.184419,61.056911 -19.381811,-1.293955 154.201785,-58.865608 -31.825515,78.321167 166.498570,-41.336574 -172.723651,-19.017326 2.884929,38.822088 -148.765450,-80.541751 -123.815581,21.131974 35.506730
-55.276748 -121.310826,64.644744 -108.541866,-4.937437 64.179557,-15.380191 -87.116490,74.841330 80.514882,-44.947991 97.451101,24.770838 -54.475473,35.193906 121.340331,-83.721434 158.535023,64.644744 -18.541866,-4.937437 154.179557,-55.276748 -31.310826,74.841330 170.514882,-44.947991 -172.548899,-15.380191 2.883510,35.193906 -148.659669,-83.721434 -111.464977,24.770838 35.524527
-51.680988 -120.922810,68.220134 -107.370696,-8.579858 64.159796,-11.740846 -87.126359,71.309524 82.958919,-48.554442 97.682633,28.407447 -54.441567,31.562462 121.415764,-86.093724 -169.967812,68.220134 -17.370696,-8.579858 154.159796,-51.680988 -30.922810,71.309524 172.958919,-48.554442 -172.317367,-11.740846 2.873641,31.562462 -148.584236,-86.093724 -79.967812,28.407447 35.558433
-48.079231 -120.628537,71.777131 -105.674962,-12.220806 64.144433,-8.099680 -87.142417,67.749604 84.569510,-52.155448 97.987793,32.041442 -54.387551,27.928102 121.466869,-85.881244 -116.977893,71.777131 -15.674962,-12.220806 154.144433,-48.079231 -30.628537,67.749604 174.569510,-52.155448 -172.012207,-8.099680 2.857583,27.928102 -148.533131,-85.881244 -26.977893,32.041442 35.612449
-44.472101 -120.405338,75.303897 -103.079310,-15.859882 64.135542,-4.457095 -87.162611,64.172311 85.688382,-55.750358 98.390345,35.672476 -54.308492,24.291175 121.498440,-83.326427 -89.215830,75.303897 -13.079310,-15.859882 154.135542,-44.472101 -30.405338,64.172311 175.688382,-55.750358 -171.609655,-4.457095 2.837389,24.291175 -148.501560,-83.326427 0.784170,35.672476 35.691508
-40.860059 -120.237076,78.773613 -98.756483,-19.496698 64.135422,-0.813505 -87.185026,60.583119 86.494020,-59.338219 98.924980,39.300201 -54.198177,20.652040 121.514372,-80.101120 -78.148371,78.773613 -8.756483,-19.496698 154.135422,-40.860059 -30.237076,60.583119 176.494020,-59.338219 -171.075020,-0.813505 2.814974,20.652040 -148.485628,-80.101120 11.851629,39.300201 35.801823
-37.243480 -120.111922,82.112583 -90.532149,-23.130887 64.146685,2.830667 -87.207819,56.985081 87.088401,-62.917547 99.644450,42.924257 -54.048603,17.011069 121.517906,-76.683090 -72.715047,82.112583 -0.532149,-23.130887 154.146685,-37.243480 -30.111922,56.985081 177.088401,-62.917547 -170.355550,2.830667 2.792181,17.011069 -148.482094,-76.683090 17.284953,42.924257 35.951397
-33.622692 -120.020981,85.051070 -71.359417,-26.762100 64.172376,6.474999 -87.229157,53.380023 87.533930,-66.485894 100.633081,46.544246 -53.849228,13.368646 121.511794,-73.188528 -69.589714,85.051070 18.640583,-26.762100 154.172376,-33.622692 -30.020981,53.380023 177.533930,-66.485894 -169.366919,6.474999 2.770843,13.368646 -148.488206,-73.188528 20.410286,46.544246 36.150772
-29.998004 -119.957404,86.413911 -24.762912,-30.390005 64.216132,10.119064 -87.247162,49.769111 87.870917,-70.038952 102.034346,50.159701 -53.585812,9.725172 121.498436,-69.655809 -67.603455,86.413911 65.237088,-30.390005 154.216132,-29.998004 -29.957404,49.769111 177.870917,-70.038952 -167.965654,10.119064 2.752838,9.725172 -148.501564,-69.655809 22.396545,50.159701 36.414188
-26.369725 -119.915799,84.773953 18.691751,-34.014286 64.282385,13.762444 -87.259844,46.153140 88.126575,-73.568534 104.112858,53.770022 -53.238586,6.081058 121.479977,-66.100799 -66.256583,84.773953 108.691751,-34.014286 154.282385,-26.369725 -29.915799,46.153140 178.126575,-73.568534 -165.887142,13.762444 2.740156,6.081058 -148.520023,-66.100799 23.743417,53.770022 36.761414
-22.738174 -119.891830,81.762787 35.999222,-37.634635 64.376663,17.404729 -87.265034,42.532691 88.319959,-77.057329 107.412149,57.374387 -52.779208,2.436723 121.458393,-62.531102 -65.302567,81.762787 125.999222,-37.634635 154.376663,-22.738174 -29.891830,42.532691 178.319959,-77.057329 -162.587851,17.404729 2.734966,2.436723 -148.541607,-62.531102 24.697433,57.374387 37.220792
-19.103684 -119.881936,78.402813 43.605971,-41.250740 64.506005,21.045520 -87.260300,38.908220 88.464834,-80.462614 113.227488,60.971573 -52.165513,-1.207407 121.435553,-58.950756 -64.606418,78.402813 133.605971,-41.250740 154.506005,-19.103684 -29.881936,38.908220 178.464834,-80.462614 -156.772512,21.045520 2.739700,-1.207407 -148.564447,-58.950756 25.393582,60.971573 37.834487
-15.466606 -119.883124,74.924723 47.675192,-44.862270 64.679573,24.684434 -87.242844,35.280120 88.571422,-83.651078 125.332753,64.559655 -51.331880,-4.850909 121.413288,-55.362073 -64.088200,74.924723 137.675192,-44.862270 154.679573,-15.466606 -29.883124,35.280120 178.571422,-83.651078 -144.667247,24.684434 2.757156,-4.850909 -148.586712,-55.362073 25.911800,64.559655 38.668120
-11.827309 -119.892820,71.393795 50.145618,-48.468844 64.909583,28.321100 -87.209363,31.648749 88.647500,-86.058813 156.131234,68.135395 -50.170363,-8.493360 121.393447,-51.766465 -63.697608,71.393795 140.145618,-48.468844 154.909583,-11.827309 -29.892820,31.648749 178.647500,-86.058813 -113.868766,28.321100 2.790637,-8.493360 -148.606553,-51.766465 26.302392,68.135395 39.829637
-8.186182 -119.908755,67.834388 51.771114,-52.069986 65.212752,31.955162 -87.155877,28.014455 88.699124,-85.922774 -150.784094,71.692932 -48.490408,-12.134348 121.377956,-48.164843 -63.401403,67.834388 141.771114,-52.069986 155.212752,-8.186182 -29.908755,28.014455 178.699124,-85.922774 -60.784094,31.955162 2.844123,-12.134348 -148.622044,-48.164843 26.598597,71.692932 41.509592
-4.543626 -119.928874,64.257431 52.899179,-55.665050 65.612643,35.586270 -87.077480,24.377585 88.731110,-83.398355 -122.376247,75.220637 -45.923013,-15.773472 121.368886,-44.557835 -63.176724,64.257431 142.899179,-55.665050 155.612643,-4.543626 -29.928874,24.377585 178.731110,-83.398355 -32.376247,35.586270 2.922520,-15.773472 -148.631114,-44.557835 26.823276,75.220637 44.076987
-0.900055 -119.951258,60.668480 53.710866,-59.253093 66.143619,39.214078 -86.967992,20.738499 88.747374,-80.180728 -111.091328,78.692255 -41.657776,-19.410346 121.368529,-40.945905 -63.007308,60.668480 143.710866,-59.253093 156.143619,-0.900055 -29.951258,20.738499 178.747374,-80.180728 -21.091328,39.214078 3.032008,-19.410346 -148.631471,-40.945905 26.992692,78.692255 48.342224
