-0.081521 -95.104381,45.320345 40.180592,-45.377539 129.838428,31.866252 -9.393689,16.286976 133.211584,-53.927367 -107.996919,53.919398 97.845307,-16.436746 -143.191006,-31.978217 -0.821846,45.320345 -139.819408,-45.377539 -50.161572,-0.081521 84.895619,16.286976 -46.788416,-53.927367 72.003081,31.866252 170.606311,-16.436746 36.808994,-31.978217 179.178154,53.919398 -82.154693
1.415086 -94.188525,44.244103 42.113586,-46.409892 131.847024,33.203672 -8.057302,14.819235 134.207666,-53.456458 -105.178722,54.319326 100.734349,-17.895816 -142.177767,-30.628532 0.473057,44.244103 -137.886414,-46.409892 -48.152976,1.415086 85.811475,14.819235 -45.792334,-53.456458 74.821278,33.203672 171.942698,-17.895816 37.822233,-30.628532 -179.526943,54.319326 -79.265651
2.911283 -93.271283,43.131959 43.971781,-47.400752 133.935768,34.523151 -6.676163,13.345971 135.188719,-52.914736 -102.429560,54.642645 103.676645,-19.347803 -141.145940,-29.263396 1.729043,43.131959 -136.028219,-47.400752 -46.064232,2.911283 86.728717,13.345971 -44.811281,-52.914736 77.570440,34.523151 173.323837,-19.347803 38.854060,-29.263396 -178.270957,54.642645 -76.323355
4.406545 -92.351242,41.986495 45.758450,-48.347103 136.106946,35.823215 -5.247195,11.867820 136.156414,-52.305272 -99.755435,54.887223 106.661929,-20.791979 -140.093654,-27.883994 2.948807,41.986495 -134.241550,-48.347103 -43.893054,4.406545 87.648758,11.867820 -43.843586,-52.305272 80.244565,35.823215 174.752805,-20.791979 39.906346,-27.883994 -177.051193,54.887223 -73.338071
5.900344 -91.426978,40.810130 47.476996,-49.245792 138.362301,37.102280 -3.767208,10.385393 137.112370,-51.631318 -97.160905,55.051396 109.678814,-22.227581 -139.018957,-26.491429 4.134921,40.810130 -132.523004,-49.245792 -41.637699,5.900344 88.573022,10.385393 -42.887630,-51.631318 82.839095,37.102280 176.232792,-22.227581 40.981043,-26.491429 -175.865079,55.051396 -70.321186
7.392143 -90.497052,39.605128 49.130886,-50.093554 140.702891,38.358644 -2.232908,8.899283 138.058159,-50.896231 -94.649148,55.134022 112.715052,-23.653800 -137.919807,-25.086737 5.289841,39.605128 -130.869114,-50.093554 -39.297109,7.392143 89.502948,8.899283 -41.941841,-50.896231 85.350852,38.358644 177.767092,-23.653800 42.080193,-25.086737 -174.710159,55.134022 -67.284948
8.881398 -89.559997,38.373603 50.723595,-50.887036 143.128940,39.590476 -0.640914,7.410063 138.995308,-50.103422 -92.222074,55.134516 115.757856,-25.069780 -136.794070,-23.670885 6.415911,38.373603 -129.276405,-50.887036 -36.871060,8.881398 90.440003,7.410063 -41.004692,-50.103422 87.777926,39.590476 179.359086,-25.069780 43.205930,-23.670885 -173.584089,55.134516 -64.242144
10.367548 -88.614322,37.117522 52.258568,-51.622837 145.639688,40.795809 1.012220,5.918291 139.925311,-49.256293 -89.880456,55.052876 118.794250,-26.474613 -135.639510,-22.244784 7.515368,37.117522 -127.741432,-51.622837 -34.360312,10.367548 91.385678,5.918291 -40.074689,-49.256293 90.119544,40.795809 -178.987780,-26.474613 44.360490,-22.244784 -172.484632,55.052876 -61.205750
11.850022 -87.658497,35.838719 53.739188,-52.297546 148.233240,41.972531 2.729968,4.424513 140.849634,-48.358196 -87.624081,54.889677 121.811442,-27.867329 -134.453785,-20.809290 8.590347,35.838719 -126.260812,-52.297546 -31.766760,11.850022 92.341503,4.424513 -39.150366,-48.358196 92.375919,41.972531 -177.270032,-27.867329 45.546215,-20.809290 -171.409653,54.889677 -58.188558
13.328229 -86.690953,34.538898 55.168751,-52.907805 150.906432,43.118381 4.515798,2.929265 141.769718,-47.412400 -85.451900,54.646056 124.797176,-29.246896 -133.234441,-19.365212 9.642891,34.538898 -124.831249,-52.907805 -29.093568,13.328229 93.309047,2.929265 -38.230282,-47.412400 94.548100,43.118381 -175.484202,-29.246896 46.765559,-19.365212 -170.357109,54.646056 -55.202824
14.801555 -85.710070,33.219644 56.550446,-53.450360 153.654724,44.230940 6.373113,1.433077 142.686985,-46.422056 -83.362178,54.323673 127.740052,-30.612210 -131.978906,-17.913315 10.674952,33.219644 -123.449554,-53.450360 -26.345276,14.801555 94.289930,1.433077 -37.313015,-46.422056 96.637822,44.230940 -173.626887,-30.612210 48.021094,-17.913315 -169.325048,54.323673 -52.259948
16.269367 -84.714178,31.882431 57.887353,-53.922137 156.472133,45.307630 8.305189,-0.063529 143.602849,-45.390185 -81.352634,53.924652 130.629790,-31.962088 -130.684487,-16.454326 11.688404,31.882431 -122.112647,-53.922137 -23.527867,16.269367 95.285822,-0.063529 -36.397151,-45.390185 98.647366,45.307630 -171.694811,-31.962088 49.315513,-16.454326 -168.311596,53.924652 -49.370210
17.730999 -83.701544,30.528631 59.182428,-54.320314 159.351212,46.345712 10.315092,-1.560030 144.518715,-44.319659 -79.420565,53.451521 133.457422,-33.295263 -129.348370,-14.988936 12.685047,30.528631 -120.817572,-54.320314 -20.648788,17.730999 96.298456,-1.560030 -35.481285,-44.319659 100.579435,46.345712 -169.684908,-33.295263 50.651630,-14.988936 -167.314953,53.451521 -46.542578
19.185759 -82.670365,29.159523 60.438502,-54.642388 162.283103,47.342289 12.405581,-3.055906 145.435990,-43.213196 -77.562959,52.907140 136.215417,-34.610373 -127.967621,-13.517807 13.666611,29.159523 -119.561498,-54.642388 -17.716897,19.185759 97.329635,-3.055906 -34.564010,-43.213196 102.437041,47.342289 -167.594419,-34.610373 52.032379,-13.517807 -166.333389,52.907140 -43.784583
20.632916 -81.618767,27.776297 61.658284,-54.886257 165.257651,48.294314 14.579002,-4.550632 146.356086,-42.073357 -75.776591,52.294619 138.897724,-35.905957 -126.539182,-12.041572 14.634768,27.776297 -118.341716,-54.886257 -14.742349,20.632916 98.381233,-4.550632 -33.643914,-42.073357 104.223409,48.294314 -165.420998,-35.905957 53.460818,-12.041572 -165.365232,52.294619 -41.102276
22.071703 -80.544795,26.380066 62.844360,-55.050276 168.263596,49.198605 16.837153,-6.043680 147.280424,-40.902543 -74.058102,51.617252 141.499760,-37.180442 -125.059889,-10.560842 15.591135,26.380066 -117.155640,-55.050276 -11.736404,22.071703 99.455205,-6.043680 -32.719576,-40.902543 105.941898,49.198605 -163.162847,-37.180442 54.940111,-10.560842 -164.408865,51.617252 -38.500240
23.501308 -79.446401,24.971870 63.999198,-55.133312 171.288830,50.051860 19.181148,-7.534517 148.210446,-39.703002 -72.404064,50.878441 144.018336,-38.432139 -123.526473,-9.076206 16.537281,24.971870 -116.000802,-55.133312 -8.711170,23.501308 100.553599,-7.534517 -31.789554,-39.703002 107.595936,50.051860 -160.818852,-38.432139 56.473527,-9.076206 -163.462719,50.878441 -35.981664
24.920872 -78.321448,23.552685 65.125151,-55.134785 174.320710,50.850691 21.611264,-9.022596 149.147614,-38.476833 -70.811037,50.081637 146.451552,-39.659231 -121.935582,-7.588236 17.474734,23.552685 -114.874849,-55.134785 -5.679290,24.920872 101.678552,-9.022596 -30.852386,-38.476833 109.188963,50.850691 -158.388736,-39.659231 58.064418,-7.588236 -162.525266,50.081637 -33.548448
26.329480 -77.167692,22.123427 66.224464,-55.054684 177.346405,51.591654 24.126788,-10.507362 150.093421,-37.225992 -69.275607,49.230285 148.798653,-40.859768 -120.283804,-6.097490 18.404988,22.123427 -113.775536,-55.054684 -2.653595,26.329480 102.832308,-10.507362 -29.906579,-37.225992 110.724393,51.591654 -155.873212,-40.859768 59.716196,-6.097490 -161.595012,49.230285 -31.201347
27.726160 -75.982784,20.684957 67.299282,-54.893569 -179.646740,52.271297 26.725861,-11.988243 151.049392,-35.952298 -67.794419,48.327777 151.059885,-42.031656 -118.567700,-4.604511 19.329507,20.684957 -112.700718,-54.893569 0.353260,27.726160 104.017216,-11.988243 -28.950608,-35.952298 112.205581,52.271297 -153.274139,-42.031656 61.432300,-4.604511 -160.670493,48.327777 -28.940115
29.109874 -74.764262,19.238088 68.351652,-54.652554 -176.670858,52.886214 29.405344,-13.464650 152.017096,-34.657448 -66.364202,47.377417 153.236334,-43.172653 -116.783839,-3.109837 20.249730,19.238088 -111.648348,-54.652554 3.329142,29.109874 105.235738,-13.464650 -27.982904,-34.657448 113.635798,52.886214 -150.594656,-43.172653 63.216161,-3.109837 -159.750270,47.377417 -26.763666
30.479512 -73.509543,17.783589 69.383534,-54.333266 -173.737245,53.433108 32.160705,-14.935975 152.998148,-33.343016 -64.981786,46.382393 155.329777,-44.280363 -114.928860,-1.613994 21.167083,17.783589 -110.616466,-54.333266 6.262755,30.479512 106.490457,-14.935975 -27.001852,-33.343016 115.018214,53.433108 -147.839295,-44.280363 65.071140,-1.613994 -158.832917,46.382393 -24.670223
31.833886 -72.215924,16.322193 70.396806,-53.937793 -170.856098,53.908860 34.985948,-16.401583 153.994216,-32.010468 -63.644112,45.345757 157.342540,-45.352231 -112.999530,-0.117506 22.082975,16.322193 -109.603194,-53.937793 9.143902,31.833886 107.784076,-16.401583 -26.005784,-32.010468 116.355888,53.908860 -145.014052,-45.352231 67.000470,-0.117506 -157.917025,45.345757 -22.657460
33.171720 -70.880576,14.854593 71.393271,-53.468623 -168.036327,54.310600 37.873593,-17.860815 155.007032,-30.661170 -62.348239,44.270411 159.277371,-46.385545 -110.992829,1.379105 22.998815,14.854593 -108.606729,-53.468623 11.963673,33.171720 109.119424,-17.860815 -24.992968,-30.661170 117.651761,54.310600 -142.126407,-46.385545 69.007171,1.379105 -157.001185,44.270411 -20.722629
34.491647 -69.500548,13.381454 72.374665,-52.928568 -165.285429,54.635787 40.814724,-19.312980 156.038390,-29.296391 -61.091348,43.159100 161.137327,-47.377438 -108.906041,2.875318 23.916007,13.381454 -107.625335,-52.928568 14.714571,34.491647 110.499452,-19.312980 -23.961610,-29.296391 118.908652,54.635787 -139.185276,-47.377438 71.093959,2.875318 -156.083993,43.159100 -18.862673
35.792196 -68.072767,11.903412 73.342662,-52.320696 -162.609442,54.882280 43.799104,-20.757353 157.090161,-27.917318 -59.870744,42.014408 162.925676,-48.324896 -106.736868,4.370608 24.835964,11.903412 -106.657338,-52.320696 17.390558,35.792196 111.927233,-20.757353 -22.909839,-27.917318 120.129256,54.882280 -136.200896,-48.324896 73.263132,4.370608 -155.164036,42.014408 -17.074324
37.071786 -66.594045,10.421082 74.298882,-51.648253 -160.012955,55.048402 46.815371,-22.193170 158.164296,-26.525058 -58.683851,40.838758 164.645820,-49.224769 -104.483552,5.864449 25.760109,10.421082 -105.701118,-51.648253 19.987045,37.071786 113.405955,-22.193170 -21.835704,-26.525058 121.316149,55.048402 -133.184629,-49.224769 75.516448,5.864449 -154.239891,40.838758 -15.354180
38.328717 -65.061090,8.935054 75.244897,-50.914597 -157.499180,55.132998 49.851292,-23.619625 159.262833,-25.120646 -57.528208,39.634420 166.301223,-50.073794 -102.145018,7.356303 26.689883,8.935054 -104.755103,-50.914597 22.500820,38.328717 114.938910,-23.619625 -20.737167,-25.120646 122.471792,55.132998 -130.148708,-50.073794 77.854982,7.356303 -153.310117,39.634420 -13.698777
39.561161 -63.470523,7.445902 76.182236,-50.123135 -155.070057,55.135469 52.894090,-25.035862 160.387905,-23.705051 -56.401471,38.403509 167.895362,-50.868621 -99.721019,8.845625 27.626748,7.445902 -103.817764,-50.123135 24.929943,39.561161 116.529477,-25.035862 -19.612095,-23.705051 123.598529,55.135469 -127.105910,-50.868621 80.278981,8.845625 -152.373252,38.403509 -12.104638
40.767155 -61.818901,5.954184 77.112394,-49.277272 -152.726383,55.055799 55.930790,-26.440973 161.541745,-22.279186 -55.301400,37.147997 169.431684,-51.605849 -97.212290,10.331857 28.572199,5.954184 -102.887606,-49.277272 27.273617,40.767155 118.181099,-26.440973 -18.458255,-22.279186 124.698600,55.055799 -124.069210,-51.605849 82.787710,10.331857 -151.427801,37.147997 -10.568316
41.944591 -60.102747,4.460448 78.036837,-48.380362 -150.467968,54.894550 58.948591,-27.833993 162.726692,-20.843909 -54.225857,35.869720 170.913572,-52.282067 -94.620698,11.814426 29.527761,4.460448 -101.963163,-48.380362 29.532032,41.944591 119.897253,-27.833993 -17.273308,-20.843909 125.774143,54.894550 -121.051409,-52.282067 85.379302,11.814426 -150.472239,35.869720 -9.086428
43.091212 -58.318594,2.965230 78.957005,-47.435675 -148.293781,54.652846 61.935218,-29.213889 163.945198,-19.400028 -53.172797,34.570385 172.344324,-52.893914 -91.949373,13.292742 30.495005,2.965230 -101.042995,-47.435675 31.706219,43.091212 121.681406,-29.213889 -16.054802,-19.400028 126.827203,54.652846 -118.064782,-52.893914 88.050627,13.292742 -149.504995,34.570385 -7.655676
44.204601 -56.463037,1.469057 79.874324,-46.446366 -146.202101,54.332333 64.879251,-30.579559 165.199832,-17.948310 -52.140266,33.251580 173.727134,-53.438133 -89.202822,14.766193 31.475547,1.469057 -100.125676,-46.446366 33.797899,44.204601 123.536963,-30.579559 -14.800168,-17.948310 127.859734,54.332333 -115.120749,-53.438133 90.797178,14.766193 -148.524453,33.251580 -6.272866
45.282184 -54.532795,-0.027544 80.790205,-45.415459 -144.190659,53.935126 67.770377,-31.929823 166.493284,-16.489483 -51.126387,31.914782 175.065083,-53.911647 -86.386993,16.234145 32.471058,-0.027544 -99.209795,-45.415459 35.809341,45.282184 125.467205,-31.929823 -13.506716,-16.489483 128.873613,53.935126 -112.229623,-53.911647 93.613007,16.234145 -147.528942,31.914782 -4.934917
46.321228 -52.524798,-1.524054 81.706055,-44.345830 -142.256761,53.463745 70.599597,-33.263415 167.828364,-15.024239 -50.129361,30.561366 176.361129,-54.311624 -83.509298,17.695934 33.483270,-1.524054 -98.293945,-44.345830 37.743239,46.321228 127.475202,-33.263415 -12.171636,-15.024239 129.870639,53.463745 -109.400403,-54.311624 96.490702,17.695934 -146.516730,30.561366 -3.638871
47.318837 -50.436275,-3.019951 82.623279,-43.240201 -140.397402,52.921041 73.359343,-34.578976 169.208005,-13.553240 -49.147455,29.192611 177.618109,-54.635555 -80.578563,19.150867 34.513981,-3.019951 -97.376721,-43.240201 39.602598,47.318837 129.563725,-34.578976 -10.791995,-13.553240 130.852545,52.921041 -106.640657,-54.635555 99.421437,19.150867 -145.486019,29.192611 -2.381891
48.271971 -48.264872,-4.514710 83.543290,-42.101136 -138.609361,52.310121 76.043529,-35.875047 170.635260,-12.077121 -48.178995,27.809711 178.838733,-54.881325 -77.604912,20.598216 35.565065,-4.514710 -96.456710,-42.101136 41.390639,48.271971 131.735128,-35.875047 -9.364740,-12.077121 131.821005,52.310121 -103.956471,-54.881325 102.395088,20.598216 -144.434935,27.809711 -1.161267
49.177448 -46.008775,-6.007806 84.467510,-40.931040 -136.889280,51.634273 78.647537,-37.150059 172.113293,-10.596492 -47.222363,26.413780 -179.974410,-55.047279 -74.599583,22.037214 36.638476,-6.007806 -95.532490,-40.931040 43.110720,49.177448 133.991225,-37.150059 -7.886707,-10.596492 132.777637,51.634273 -101.352463,-55.047279 105.400417,22.037214 -143.361524,26.413780 0.025590
50.031970 -43.666851,-7.498702 85.397378,-39.732164 -135.233733,50.896899 81.168148,-38.402324 173.645369,-9.111943 -46.275989,25.005861 -178.818849,-55.132271 -71.574666,23.467050 37.736257,-7.498702 -94.602622,-39.732164 44.766267,50.031970 136.333149,-38.402324 -6.354631,-9.111943 133.724011,50.896899 -98.831852,-55.132271 108.425334,23.467050 -142.263743,25.005861 1.181151
50.832149 -41.238801,-8.986854 86.334357,-38.506612 -133.639279,50.101449 83.603429,-39.630030 175.234838,-7.624047 -45.338344,23.586930 -177.692229,-55.135708 -68.542796,24.886865 38.860547,-8.986854 -93.665643,-38.506612 46.360721,50.832149 138.761199,-39.630030 -4.765162,-7.624047 134.661656,50.101449 -96.396571,-55.135708 111.457204,24.886865 -141.139453,23.586930 2.307771
51.574544 -38.725314,-10.471706 87.279938,-37.256341 -132.102504,49.251368 85.952602,-40.831230 176.885111,-6.133361 -44.407934,22.157903 -176.592300,-55.057563 -65.516801,26.295748 40.013583,-10.471706 -92.720062,-37.256341 47.897496,51.574544 141.274686,-40.831230 -3.114889,-6.133361 135.592066,49.251368 -94.047398,-55.057563 114.483199,26.295748 -139.986417,22.157903 3.407700
52.255701 -36.128218,-11.952687 88.235646,-35.983177 -130.620050,48.350051 88.215889,-42.003832 178.599629,-4.640430 -43.483295,20.719644 -175.516918,-54.898386 -62.509348,27.692727 41.197713,-11.952687 -91.764354,-35.983177 49.379950,52.255701 143.871782,-42.003832 -1.400371,-4.640430 136.516705,48.350051 -91.784111,-54.898386 117.490652,27.692727 -138.802287,20.719644 4.483082
52.872214 -33.450621,-13.429209 89.203050,-34.688816 -129.188646,47.400804 90.394358,-43.145600 -179.618180,-3.145790 -42.562985,19.272968 -174.464032,-54.659275 -59.532585,29.076765 42.415397,-13.429209 -90.796950,-34.688816 50.811354,52.872214 146.549379,-43.145600 0.381820,-3.145790 137.437015,47.400804 -89.605642,-54.659275 120.467415,29.076765 -137.584603,19.272968 5.535968
53.420782 -30.697020,-14.900663 90.183761,-33.374837 -127.805117,46.406817 92.489771,-44.254139 -177.764949,-1.649969 -41.645580,17.818645 -173.431680,-54.341846 -56.597831,30.446755 43.669215,-14.900663 -89.816239,-33.374837 52.194883,53.420782 149.302980,-44.254139 2.235051,-1.649969 138.354420,46.406817 -87.510229,-54.341846 123.402169,30.446755 -136.330785,17.818645 6.568320
53.898279 -27.873375,-16.366417 91.179449,-32.042709 -126.466402,45.371147 94.504443,-45.326900 -175.837443,-0.153491 -40.729669,16.357405 -172.417982,-53.948177 -53.715314,31.801511 44.961866,-16.366417 -88.820551,-32.042709 53.533598,53.898279 152.126625,-45.326900 4.162557,-0.153491 139.270331,45.371147 -85.495557,-53.948177 126.284686,31.801511 -135.038134,16.357405 7.582018
54.301829 -24.987131,-17.825810 92.191841,-30.693798 -125.169557,44.296699 96.441113,-46.361175 -173.832636,1.343123 -39.813845,14.889947 -171.421133,-53.480747 -50.893973,33.139758 46.296176,-17.825810 -87.808159,-30.693798 54.830443,54.301829 155.012869,-46.361175 6.167364,1.343123 140.186155,44.296699 -83.558887,-53.480747 129.106027,33.139758 -133.703824,14.889947 8.578867
54.628884 -22.047171,-19.278153 93.222731,-29.329378 -123.911761,43.186222 98.302831,-47.354098 -171.747802,2.839352 -38.896701,13.416933 -170.439396,-52.942361 -48.141342,34.460133 47.675094,-19.278153 -86.777269,-29.329378 56.088239,54.628884 157.952829,-47.354098 8.252198,2.839352 141.103299,43.186222 -81.697169,-52.942361 131.858658,34.460133 -132.324906,13.416933 9.560604
54.877291 -19.063702,-20.722722 94.273989,-27.950635 -122.690316,42.042303 100.092863,-48.302661 -169.580633,4.334671 -37.976827,11.939003 -169.471096,-52.336082 -45.463494,35.761165 49.101690,-20.722722 -85.726011,-27.950635 57.309684,54.877291 160.936298,-48.302661 10.419367,4.334671 142.023173,42.042303 -79.907137,-52.336082 134.536506,35.761165 -130.898310,11.939003 10.528904
55.045361 -16.048061,-22.158755 95.347563,-26.558680 -121.502641,40.867371 101.814606,-49.203716 -167.329356,5.828553 -37.052800,10.456768 -168.514612,-51.665152 -42.865053,37.041279 50.579149,-22.158755 -84.652437,-26.558680 58.497359,55.045361 163.951939,-49.203716 12.670644,5.828553 142.947200,40.867371 -78.185394,-51.665152 137.134947,37.041279 -129.420851,10.456768 11.485388
55.131926 -13.012464,-23.585444 96.445489,-25.154548 -120.346275,39.663697 103.471524,-50.054003 -164.992878,7.320461 -36.123179,8.970822 -167.568370,-50.932928 -40.349262,38.298775 52.110760,-23.585444 -83.554511,-25.154548 59.653725,55.131926 166.987536,-50.054003 15.007122,7.320461 143.876821,39.663697 -76.528476,-50.932928 139.650738,38.298775 -127.889240,8.970822 12.431630
55.136374 -9.969679,-25.001937 97.569897,-23.739211 -119.218870,38.433400 105.067096,-50.850173 -162.570929,8.809850 -35.186501,7.481739 -166.630840,-50.142817 -37.918089,39.531831 53.699902,-25.001937 -82.430103,-23.739211 60.781130,55.136374 170.030321,-50.850173 17.429071,8.809850 144.813499,38.433400 -74.932904,-50.142817 142.081911,39.531831 -126.300098,7.481739 13.369160
55.058675 -6.932681,-26.407327 98.723018,-22.313583 -118.118183,37.178458 106.604768,-51.588825 -160.064220,10.296163 -34.241275,5.990077 -165.700526,-49.298222 -35.572360,40.738485 55.350016,-26.407327 -81.276982,-22.313583 61.881817,55.058675 173.067319,-51.588825 19.935780,10.296163 145.758725,37.178458 -73.395232,-49.298222 144.427640,40.738485 -124.649984,5.990077 14.299474
54.899376 -3.914279,-27.800649 99.907189,-20.878522 -117.042074,35.900708 108.087926,-52.266550 -157.474589,11.778827 -33.285974,4.496383 -164.775964,-48.402501 -33.311904,41.916634 57.064577,-27.800649 -80.092811,-20.878522 62.957926,54.899376 176.085721,-52.266550 22.525411,11.778827 146.714026,35.900708 -71.912074,-48.402501 146.688096,41.916634 -122.935423,4.496383 15.224036
54.659589 -0.926764,-29.180873 101.124858,-19.434839 -115.988497,34.601860 109.519869,-52.879983 -154.805134,13.257252 -32.319029,3.001193 -163.855709,-47.458925 -31.135709,43.064022 58.847055,-29.180873 -78.875142,-19.434839 64.011503,54.659589 179.073236,-52.879983 25.194866,13.257252 147.680971,34.601860 -70.480131,-47.458925 148.864291,43.064022 -121.152945,3.001193 16.144291
54.340948 2.018418,-30.546899 102.378593,-17.983301 -114.955494,33.283506 110.903796,-53.425866 -152.060327,14.730828 -31.338826,1.505038 -162.938339,-46.470653 -29.042070,44.178240 60.700857,-30.546899 -77.621407,-17.983301 65.044506,54.340948 -177.981582,-53.425866 27.939673,14.730828 148.661174,33.283506 -69.096204,-46.470653 150.957930,44.178240 -119.299143,1.505038 17.061661
53.945557 4.910927,-31.897548 103.671079,-16.524637 -113.941189,31.947124 112.242788,-53.901114 -149.246084,16.198920 -30.343695,0.008440 -162.022439,-45.440712 -27.028729,45.256716 62.629265,-31.897548 -76.328921,-16.524637 66.058811,53.945557 -175.089073,-53.901114 30.753916,16.198920 149.656305,31.947124 -67.757212,-45.440712 152.971271,45.256716 -117.370735,0.008440 17.977561
53.475928 7.741731,-33.231556 105.005124,-15.059539 -112.943778,30.594092 113.539808,-54.302890 -146.369778,17.660865 -29.331906,-1.488078 -161.106605,-44.371981 -25.093001,46.296719 64.635359,-33.231556 -74.994876,-15.059539 67.056222,53.475928 -172.258269,-54.302890 33.630222,17.660865 150.668094,30.594092 -66.460192,-44.371981 154.906999,46.296719 -115.364641,-1.488078 18.893395
52.934903 10.503224,-34.547568 106.383658,-13.588671 -111.961528,29.225692 114.797694,-54.628675 -143.440204,19.115971 -28.301662,-2.983995 -160.189430,-43.267187 -23.231887,47.295361 66.721916,-34.547568 -73.616342,-13.588671 68.038472,52.934903 -169.496776,-54.628675 36.559796,19.115971 151.698338,29.225692 -65.202306,-43.267187 156.768113,47.295361 -113.278084,-2.983995 19.810570
52.325585 13.189287,-35.844126 107.809732,-12.112668 -110.992764,27.843118 116.019162,-54.876347 -140.467458,20.563511 -27.251090,-4.478788 -159.269503,-42.128897 -21.442170,48.249600 68.891303,-35.844126 -72.190268,-12.112668 69.007236,52.325585 -166.810713,-54.876347 39.532542,20.563511 152.748910,27.843118 -63.980838,-42.128897 158.557830,48.249600 -111.108697,-4.478788 20.730497
51.651258 15.795267,-37.119663 109.286506,-10.632140 -110.035866,26.447488 117.206801,-55.044235 -137.462751,22.002719 -26.178239,-5.971930 -158.345401,-40.959519 -19.720495,49.156261 71.145347,-37.119663 -70.713494,-10.632140 69.964134,51.651258 -164.204733,-55.044235 42.537249,22.002719 153.821761,26.447488 -62.793199,-40.959519 160.279505,49.156261 -108.854653,-5.971930 21.654599
50.915323 18.317910,-38.372496 110.817243,-9.147679 -109.089264,25.039846 118.363087,-55.131184 -134.438158,23.432785 -25.081068,-7.462885 -157.415686,-39.761311 -18.063437,50.012048 73.485201,-38.372496 -69.182757,-9.147679 70.910736,50.915323 -161.682090,-55.131184 45.561842,23.432785 154.918932,25.039846 -61.636913,-39.761311 161.936563,50.012048 -106.514799,-7.462885 22.584314
50.121229 20.755256,-39.600815 112.405292,-7.659857 -108.151427,23.621168 119.490376,-55.136583 -131.406304,24.852852 -23.957443,-8.951110 -156.478895,-38.536376 -16.467555,50.813574 75.911184,-39.600815 -67.594708,-7.659857 71.848573,50.121229 -159.244744,-55.136583 48.593696,24.852852 156.042557,23.621168 -60.509624,-38.536376 163.532445,50.813574 -104.088816,-8.951110 23.521105
49.272422 23.106500,-40.802675 114.054063,-6.169231 -107.220860,22.192374 120.590921,-55.060396 -128.380019,26.262009 -22.805125,-10.436048 -155.533539,-37.286678 -14.929432,51.557399 78.422633,-40.802675 -65.945937,-6.169231 72.779140,49.272422 -156.893500,-55.060396 51.619981,26.262009 157.194875,22.192374 -59.409079,-37.286678 165.070568,51.557399 -101.577367,-10.436048 24.466461
48.372297 25.371843,-41.975991 115.766996,-4.676348 -106.296099,20.754327 121.666869,-54.903156 -125.371975,27.659286 -21.621771,-11.917129 -154.578092,-36.014044 -13.445711,52.240069 81.017749,-41.975991 -64.233004,-4.676348 73.703901,48.372297 -154.628157,-54.903156 54.628025,27.659286 158.378229,20.754327 -58.333131,-36.014044 166.554289,52.240069 -98.982251,-11.917129 25.421908
47.424164 27.552333,-43.118528 117.547521,-3.181743 -105.375702,19.307844 122.720272,-54.665951 -122.394337,29.043648 -20.404923,-13.393765 -153.610989,-34.720174 -12.013117,52.858175 83.693458,-43.118528 -62.452479,-3.181743 74.624298,47.424164 -152.447667,-54.665951 57.605663,29.043648 159.595077,19.307844 -57.279728,-34.720174 167.986883,52.858175 -96.306542,-13.393765 26.389011
46.431217 29.649718,-44.227895 119.399005,-1.685944 -104.458244,17.853696 123.753096,-54.350382 -119.458448,30.413990 -19.152005,-14.865348 -152.630617,-33.406649 -10.628473,53.408414 86.445296,-44.227895 -60.600995,-1.685944 75.541756,46.431217 -150.350282,-54.350382 60.541552,30.413990 160.847995,17.853696 -56.246904,-33.406649 169.371527,53.408414 -93.554704,-14.865348 27.369383
45.396515 31.666300,-45.301548 121.324688,-0.189475 -103.542313,16.392615 124.767221,-53.958518 -116.574564,31.769126 -17.860320,-16.331246 -151.635309,-32.074941 -9.288715,53.887654 89.267338,-45.301548 -58.675312,-0.189475 76.457687,45.396515 -148.333700,-53.958518 63.425436,31.769126 162.139680,16.392615 -55.232779,-32.074941 170.711285,53.887654 -90.732662,-16.331246 28.364691
44.322966 33.604811,-46.336780 123.327604,1.307142 -102.626503,14.925297 125.764454,-53.492830 -113.751659,33.107786 -16.527046,-17.790801 -150.623340,-30.726418 -7.990898,54.293015 92.152175,-46.336780 -56.672396,1.307142 77.373497,44.322966 -146.395189,-53.492830 66.248341,33.107786 163.472954,14.925297 -54.235546,-30.726418 172.009102,54.293015 -87.847825,-17.790801 29.376660
43.213324 35.468294,-47.330733 125.410484,2.803386 -101.709408,13.452410 126.746534,-52.956115 -110.997299,34.428607 -15.149236,-19.243322 -149.592915,-29.362356 -6.732195,54.621936 95.090959,-47.330733 -54.589516,2.803386 78.290592,43.213324 -144.531706,-52.956115 69.002701,34.428607 164.850764,13.452410 -53.253466,-29.362356 173.267805,54.621936 -84.909041,-19.243322 30.407085
42.070180 37.260010,-48.280398 127.575650,4.298733 -100.789616,11.974590 127.715138,-52.351431 -108.317592,35.730123 -13.723824,-20.688087 -148.542170,-27.983945 -5.509906,54.872255 98.073511,-48.280398 -52.424350,4.298733 79.210384,42.070180 -142.739990,-52.351431 71.682408,35.730123 166.276176,11.974590 -52.284862,-27.983945 174.490094,54.872255 -81.926489,-20.688087 31.457830
40.895966 38.983354,-49.182633 129.824889,5.792655 -99.865706,10.492452 128.671888,-51.682017 -105.717198,37.010758 -12.247626,-22.124334 -147.469156,-26.592294 -4.321449,55.042273 101.088518,-49.182633 -50.175111,5.792655 80.134294,40.895966 -141.016646,-51.682017 74.282802,37.010758 167.752374,10.492452 -51.328112,-26.592294 175.678551,55.042273 -78.911482,-22.124334 32.530844
39.692958 40.641791,-50.034180 132.159313,7.284617 -98.936236,9.006589 129.618358,-50.951226 -103.199392,38.268820 -10.717355,-23.551257 -146.371840,-25.188443 -3.164358,55.130807 104.123784,-50.034180 -47.840687,7.284617 81.063764,39.692958 -139.358209,-50.951226 76.800608,38.268820 169.282645,9.006589 -50.381642,-25.188443 176.835642,55.130807 -75.876216,-23.551257 33.628160
38.463278 42.238797,-50.831691 134.579210,8.774073 -97.999745,7.517574 130.556080,-50.162467 -100.766171,39.502485 -9.129637,-24.968006 -145.248095,-23.773365 -2.036283,55.137232 107.166548,-50.831691 -45.420790,8.774073 82.000255,38.463278 -137.761203,-50.162467 79.233829,39.502485 170.870363,7.517574 -49.443920,-23.773365 177.963717,55.137232 -72.833452,-24.968006 34.751905
37.208906 43.777821,-51.571766 137.083898,10.260467 -97.054743,6.025968 131.486550,-49.319142 -98.418386,40.709798 -7.481030,-26.373674 -144.095691,-22.347974 -0.934980,55.061504 110.203837,-51.571766 -42.916102,10.260467 82.945257,37.208906 -136.222179,-49.319142 81.581614,40.709798 172.518970,6.025968 -48.513450,-22.347974 179.065020,55.061504 -69.796163,-26.373674 35.904309
35.931684 45.262250,-52.250996 139.671567,11.743226 -96.099702,4.532316 132.411234,-48.424612 -96.155888,41.888658 -5.768059,-27.767298 -142.912295,-20.913130 0.141696,54.904156 113.222833,-52.250996 -40.328433,11.743226 83.900298,35.931684 -134.737750,-48.424612 83.844112,41.888658 174.231941,4.532316 -47.588766,-20.913130 -179.858304,54.904156 -66.777167,-27.767298 37.087705
34.633324 46.695387,-52.866014 142.339149,13.221760 -95.133056,3.037157 133.331575,-47.482149 -93.977685,43.036814 -3.987255,-29.147850 -141.695460,-19.469645 1.195791,54.666287 116.211229,-52.866014 -37.660851,13.221760 84.866944,34.633324 -133.304613,-47.482149 86.022315,43.036814 176.012745,3.037157 -46.668425,-19.469645 -178.804209,54.666287 -63.788771,-29.147850 38.304540
33.315421 48.080431,-53.413558 145.082207,14.695460 -94.153191,1.541018 134.248998,-46.494915 -91.882086,44.151859 -2.135207,-30.514230 -140.442624,-18.018288 2.229266,54.349519 119.157555,-53.413558 -34.917793,14.695460 85.846809,33.315421 -131.919569,-46.494915 88.117914,44.151859 177.864793,1.541018 -45.751002,-18.018288 -177.770734,54.349519 -60.842445,-30.514230 39.557376
31.979456 49.420468,-53.890539 147.894862,16.163691 -93.158439,0.044425 135.164916,-45.465942 -89.866844,45.231226 -0.208629,-31.865263 -139.151103,-16.559786 3.244000,53.955946 122.051442,-53.890539 -32.105138,16.163691 86.841561,31.979456 -130.579532,-45.465942 90.133156,45.231226 179.791371,0.044425 -44.835084,-16.559786 -176.756000,53.955946 -57.948558,-31.865263 40.848897
30.626809 50.718464,-54.294112 150.769773,17.625792 -92.147072,-1.452101 136.080736,-44.398111 -87.929284,46.272187 1.795563,-33.199687 -137.818091,-15.094836 4.241796,53.488069 124.883824,-54.294112 -29.230227,17.625792 87.852928,30.626809 -129.281536,-44.398111 92.070716,46.272187 -178.204437,-1.452101 -43.919264,-15.094836 -175.758204,53.488069 -55.116176,-33.199687 42.181909
29.258764 51.977259,-54.621751 153.698180,19.081071 -91.117292,-2.948039 136.997862,-43.294153 -86.066413,47.271858 3.880155,-34.516148 -136.440661,-13.624099 5.224391,52.948725 127.647062,-54.621751 -26.301820,19.081071 88.882708,29.258764 -128.022741,-43.294153 93.933587,47.271858 -176.119845,-2.948039 -43.002138,-13.624099 -174.775609,52.948725 -52.352938,-34.516148 43.559339
27.876518 53.199571,-54.871322 156.670016,20.528802 -90.067232,-4.442865 137.917706,-42.156639 -84.275018,48.227202 6.047526,-35.813192 -135.015767,-12.148212 6.193460,52.341011 130.334999,-54.871322 -23.329984,20.528802 89.932768,27.876518 -126.800429,-42.156639 95.724982,48.227202 -173.952474,-4.442865 -42.082294,-12.148212 -173.806540,52.341011 -49.665001,-35.813192 44.984233
26.481189 54.387995,-55.041145 159.674093,21.968219 -88.994941,-5.936053 138.841691,-40.987983 -82.551747,49.135045 8.299519,-37.089254 -133.540250,-10.667786 7.150624,51.668208 132.942948,-55.041145 -20.325907,21.968219 91.005059,26.481189 -125.612005,-40.987983 97.448253,49.135045 -171.700481,-5.936053 -41.158309,-10.667786 -172.849376,51.668208 -47.057052,-37.089254 46.459750
25.073824 55.545006,-55.130048 162.698354,23.398515 -87.898379,-7.427067 139.771254,-39.790442 -80.893176,49.992095 10.637302,-38.342653 -132.010849,-9.183412 8.097456,50.933714 135.467623,-55.130048 -17.301646,23.398515 92.101621,25.073824 -124.454994,-39.790442 99.106824,49.992095 -169.362698,-7.427067 -40.228746,-9.183412 -171.902544,50.933714 -44.532377,-38.342653 47.989151
23.655400 56.672966,-55.137412 165.730184,24.818833 -86.775415,-8.915364 140.707857,-38.566126 -79.295863,50.794966 13.061217,-39.571584 -130.424218,-7.695664 9.035486,50.140978 137.907033,-55.137412 -14.269816,24.818833 93.224585,23.655400 -123.327034,-38.566126 100.704137,50.794966 -166.938783,-8.915364 -39.292143,-7.695664 -170.964514,50.140978 -42.092967,-39.571584 49.575782
22.226839 57.774128,-55.063182 168.756753,26.228263 -85.623814,-10.400387 141.652990,-37.317002 -77.756391,51.540218 15.570628,-40.774104 -128.776947,-6.205100 9.966211,49.293446 140.260349,-55.063182 -11.243247,26.228263 94.376186,22.226839 -122.225872,-37.317002 102.243609,51.540218 -164.429372,-10.400387 -38.347010,-6.205100 -170.033789,49.293446 -39.739651,-40.774104 51.223053
20.789005 58.850642,-54.907881 171.765381,27.625838 -84.441235,-11.881568 142.608176,-36.044899 -76.271401,52.224399 18.163764,-41.948132 -127.065598,-4.712265 10.891094,48.394516 142.527748,-54.907881 -8.234619,27.625838 95.558765,20.789005 -121.149358,-36.044899 103.728599,52.224399 -161.836236,-11.881568 -37.391824,-4.712265 -169.108906,48.394516 -37.472252,-41.948132 52.934402
19.342716 59.904565,-54.672581 174.743887,29.010523 -83.225222,-13.358318 143.574980,-34.751520 -74.837615,52.844097 20.837581,-43.091436 -125.286738,-3.217694 11.811580,47.447499 144.710260,-54.672581 -5.256113,29.010523 96.774778,19.342716 -120.095435,-34.751520 105.162385,52.844097 -159.162419,-13.358318 -36.425020,-3.217694 -168.188420,47.447499 -35.289740,-43.091436 54.713262
17.888743 60.937861,-54.358874 177.680905,30.381215 -81.973203,-14.830030 144.555014,-33.438450 -73.451855,53.396005 23.587652,-44.201630 -123.436998,-1.721918 12.729092,46.455593 146.809618,-54.358874 -2.319095,30.381215 98.026797,17.888743 -119.062139,-33.438450 106.548145,53.396005 -156.412348,-14.830030 -35.444986,-1.721918 -167.270908,46.455593 -33.190382,-44.201630 56.563002
16.427820 61.952414,-53.968817 -179.433850,31.736731 -80.682483,-16.296073 145.549943,-32.107162 -72.111053,53.876988 26.408087,-45.276173 -121.513136,-0.225460 13.645043,45.421860 148.828113,-53.968817 0.566150,31.736731 99.317517,16.427820 -118.047586,-32.107162 107.888947,53.876988 -153.591913,-16.296073 -34.450057,-0.225460 -166.354957,45.421860 -31.171887,-45.276173 58.486864
14.960645 62.950033,-53.504872 -176.609384,33.075803 -79.350242,-17.755787 146.561491,-30.759028 -70.812261,54.284156 29.291513,-46.312362 -119.512111,1.271160 14.560839,44.349212 150.768466,-53.504872 3.390616,33.075803 100.649758,14.960645 -117.049967,-30.759028 109.187739,54.284156 -150.708487,-17.755787 -33.438509,1.271160 -165.439161,44.349212 -29.231534,-46.312362 60.487889
13.487884 63.932457,-52.969830 -173.853298,34.397070 -77.973539,-19.208486 147.591450,-29.395326 -69.552650,54.614941 32.229114,-47.307342 -117.431182,2.767419 15.477887,43.240407 152.633715,-52.969830 6.146702,34.397070 102.026461,13.487884 -116.067543,-29.395326 110.447350,54.614941 -147.770886,-19.208486 -32.408550,2.767419 -164.522113,43.240407 -27.366285,-47.307342 62.568818
12.010176 64.901366,-52.366743 -171.171737,35.699068 -76.549308,-20.653446 148.641684,-28.017246 -68.329517,54.867173 35.210742,-48.258109 -115.268018,4.262794 16.397597,42.098039 154.427117,-52.366743 8.828263,35.699068 103.450692,12.010176 -115.098634,-28.017246 111.670483,54.867173 -144.789258,-20.653446 -31.358316,4.262794 -163.602403,42.098039 -25.572883,-48.258109 64.731982
10.528135 65.858382,-51.698846 -168.569392,36.980225 -75.074369,-22.089907 149.714139,-26.625902 -67.140275,55.039137 38.225109,-49.161522 -113.020816,5.756757 17.321392,40.924545 156.152065,-51.698846 11.430608,36.980225 104.925631,10.528135 -114.141618,-26.625902 112.859725,55.039137 -141.774891,-22.089907 -30.285861,5.756757 -162.678608,40.924545 -23.847935,-49.161522 66.979184
9.042354 66.805081,-50.969491 -166.049572,38.238850 -73.545438,-23.517065 150.810846,-25.222333 -65.982458,55.129640 41.260036,-50.014326 -110.688448,7.248772 18.250711,39.722204 157.812022,-50.969491 13.950428,38.238850 106.454562,9.042354 -113.194919,-25.222333 114.017542,55.129640 -138.739964,-23.517065 -29.189154,7.248772 -161.749289,39.722204 -22.187978,-50.014326 69.311552
7.553408 67.742996,-50.182085 -163.614303,39.473125 -71.959141,-24.934068 151.933930,-23.807514 -64.853713,55.138043 44.302772,-50.813176 -108.270602,8.738295 19.187015,38.493141 159.410464,-50.182085 16.385697,39.473125 108.040859,7.553408 -112.257004,-23.807514 115.146287,55.138043 -135.697228,-24.934068 -28.066070,8.738295 -160.812985,38.493141 -20.589536,-50.813176 71.729398
6.061857 68.673622,-49.340033 -161.264461,40.681095 -70.312039,-26.340014 153.085618,-22.382360 -63.751791,55.064285 47.340345,-51.554673 -105.767936,10.224769 20.131795,37.239341 160.950842,-49.340033 18.735539,40.681095 109.687961,6.061857 -111.326378,-22.382360 116.248209,55.064285 -132.659655,-26.340014 -26.914382,10.224769 -159.868205,37.239341 -19.049158,-51.554673 74.232064
4.568249 69.598429,-48.446695 -158.999922,41.860665 -68.600656,-27.733939 154.268240,-20.947734 -62.674548,54.908890 50.359927,-52.235405 -103.182232,11.707622 21.086577,35.962647 162.436545,-48.446695 21.000078,41.860665 111.399344,4.568249 -110.401571,-20.947734 117.325452,54.908890 -129.640073,-27.733939 -25.731760,11.707622 -158.913423,35.962647 -17.563455,-52.235405 76.817768
3.073119 70.518858,-47.505346 -156.819709,43.009587 -66.821523,-29.114818 155.484241,-19.504447 -61.619933,54.672940 53.349198,-52.852005 -100.516525,13.186265 22.052924,34.664777 163.870877,-47.505346 23.180291,43.009587 113.178477,3.073119 -109.481142,-19.504447 118.380067,54.672940 -126.650802,-29.114818 -24.515759,13.186265 -157.947076,34.664777 -16.129123,-52.852005 79.483475
1.576998 71.436335,-46.519153 -154.722148,44.125457 -64.971228,-30.481553 156.736181,-18.053270 -60.585984,54.358046 56.296662,-53.401209 -97.775218,14.660088 23.032452,33.347326 165.257041,-46.519153 25.277852,44.125457 115.028772,1.576998 -108.563665,-18.053270 119.414016,54.358046 -123.703338,-30.481553 -23.263819,14.660088 -156.967548,33.347326 -14.742959,-53.401209 82.224782
0.080410 72.352272,-45.491149 -152.705004,45.205713 -63.046479,-31.832969 158.026740,-16.594932 -59.570821,53.966291 59.191922,-53.879921 -94.964156,16.128458 24.026826,32.011779 166.598125,-45.491149 27.294996,45.205713 116.953521,0.080410 -107.647728,-16.594932 120.429179,53.966291 -120.808078,-31.832969 -21.973260,16.128458 -155.973174,32.011779 -13.401875,-53.879921 85.035844
-1.416124 73.268077,-44.424220 -150.765611,46.247631 -61.044187,-33.167808 159.358721,-15.130129 -58.572639,53.500169 62.025878,-54.285290 -92.090645,17.590715 25.037774,30.659517 167.897097,-44.424220 29.234389,46.247631 118.955813,-1.416124 -106.731923,-15.130129 121.427361,53.500169 -117.974122,-33.167808 -20.641279,17.590715 -154.962226,30.659517 -12.102903,-54.285290 87.909355
-2.912082 74.185156,-43.321100 -148.900981,47.248330 -58.961558,-34.484718 160.735047,-13.659524 -57.589698,52.962508 64.790857,-54.614782 -89.163411,19.046166 26.067089,29.291828 169.156803,-43.321100 31.099019,47.248330 121.038442,-2.912082 -105.814844,-13.659524 122.410302,52.962508 -115.209143,-34.484718 -19.264953,19.046166 -153.932911,29.291828 -10.843197,-54.614782 90.836589
-4.406941 75.104918,-42.184364 -147.107906,48.204776 -56.796201,-35.782246 162.158763,-12.183753 -56.620323,52.356400 67.480665,-54.866252 -86.192492,20.494087 27.116639,27.909910 170.379961,-42.184364 32.892094,48.204776 123.203799,-4.406941 -104.895082,-12.183753 123.379677,52.356400 -112.519335,-35.782246 -17.841237,20.494087 -152.883361,27.909910 -9.620039,-54.866252 93.807508
-5.900174 76.028786,-41.016429 -145.383037,49.113800 -54.546259,-37.058831 163.633025,-10.703429 -55.662891,51.685123 70.090581,-55.038007 -83.189052,21.933714 28.188372,26.514884 171.569170,-41.016429 34.616963,49.113800 125.453741,-5.900174 -103.971214,-10.703429 124.337109,51.685123 -109.909419,-37.058831 -16.366975,21.933714 -151.811628,26.514884 -8.430830,-55.038007 96.810948
-7.391247 76.958198,-39.819557 -143.722951,49.972110 -52.210547,-38.312797 165.161091,-9.219144 -54.715829,50.952071 72.617286,-55.128866 -80.165129,23.364239 29.284325,25.107796 172.726908,-39.819557 36.277049,49.972110 127.789453,-7.391247 -103.041802,-9.219144 125.284171,50.952071 -107.382714,-38.312797 -14.838909,23.364239 -150.715675,25.107796 -7.273092,-55.128866 99.834871
-8.879616 77.894615,-38.595862 -142.124205,50.776324 -49.788699,-39.542338 166.746307,-7.731471 -53.777605,50.160695 75.058761,-55.138193 -77.133331,24.784807 30.406629,23.689627 173.855540,-38.595862 37.875795,50.776324 130.211301,-8.879616 -102.105385,-7.731471 126.222395,50.160695 -104.941239,-39.542338 -13.253693,24.784807 -149.593371,23.689627 -6.144460,-55.138193 102.866669
-10.364725 78.839525,-37.347312 -140.583382,51.523002 -47.281328,-40.745517 168.392079,-6.240967 -52.846722,49.314440 77.414149,-55.065921 -74.106485,26.194510 31.557514,22.261299 174.957320,-37.347312 39.416618,51.523002 132.718672,-10.364725 -101.160475,-6.240967 127.153278,49.314440 -102.585851,-40.745517 -11.607921,26.194510 -148.442486,22.261299 -5.042680,-55.065921 105.893515
-11.846005 79.794451,-36.075741 -139.097121,52.208692 -44.690175,-41.920256 170.101848,-4.748180 -51.921715,48.416707 79.683604,-54.912559 -71.097280,27.592382 32.739320,20.823679 176.034403,-36.075741 40.902879,52.208692 135.309825,-11.846005 -100.205549,-4.748180 128.078285,48.416707 -100.316396,-41.920256 -9.898152,27.592382 -147.260680,20.823679 -3.965597,-54.912559 108.902720
-13.322869 80.760957,-34.782855 -137.662142,52.829980 -42.018252,-43.064325 171.879045,-3.253646 -51.001141,47.470808 81.868139,-54.679165 -68.117913,28.977390 33.954500,19.377583 177.088845,-34.782855 42.337858,52.829980 137.981748,-13.322869 -99.239043,-3.253646 128.998859,47.470808 -98.131861,-43.064325 -8.120955,28.977390 -146.045500,19.377583 -2.911155,-54.679165 111.882087
-14.794709 81.740653,-33.470240 -136.275263,53.383555 -39.269951,-44.175345 173.727041,-1.757892 -50.083574,46.479945 83.969472,-54.367321 -65.179772,30.348432 35.205622,17.923786 178.122615,-33.470240 43.724737,53.383555 140.730049,-14.794709 -98.259347,-1.757892 129.916426,46.479945 -96.030528,-44.175345 -6.272959,30.348432 -144.794378,17.923786 -1.877385,-54.367321 114.820228
-16.260895 82.735204,-32.139374 -134.933416,53.866278 -36.451127,-45.250776 175.649085,-0.261444 -49.167602,45.447183 85.989880,-53.979073 -62.293171,31.704327 36.495379,16.463022 179.137597,-32.139374 45.066584,53.866278 143.548873,-16.260895 -97.264796,-0.261444 130.832398,45.447183 -94.010120,-45.250776 -4.350915,31.704327 -143.504621,16.463022 -0.862403,-53.979073 117.706829
-17.720770 83.746332,-30.791630 -133.633647,54.275252 -33.569118,-46.287920 177.648221,1.235178 -48.251818,44.375438 87.932078,-53.516873 -59.467149,33.043810 37.826587,14.995990 -179.864398,-30.791630 46.366353,54.275252 146.430882,-17.720770 -96.253668,1.235178 131.748182,44.375438 -92.067922,-46.287920 -2.351779,33.043810 -142.173413,14.995990 0.135602,-53.516873 120.532851
-19.173646 84.775826,-29.428288 -132.373127,54.607902 -30.632706,-47.283926 179.727199,2.731452 -47.334817,43.267471 89.799095,-52.983506 -56.709341,34.365522 39.202186,13.523355 -178.881628,-29.428288 47.626873,54.607902 149.367294,-19.173646 -95.224174,2.731452 132.665183,43.267471 -90.200905,-47.283926 -0.272801,34.365522 -140.797814,13.523355 1.118372,-52.983506 123.290659
-20.618801 85.825551,-28.050540 -131.149146,54.862044 -27.652007,-48.235791 -178.111637,4.226854 -46.415188,42.125881 91.594185,-52.382017 -54.025927,35.668001 40.625238,12.045758 -177.912413,-28.050540 48.850854,54.862044 152.347993,-20.618801 -94.174449,4.226854 133.584812,42.125881 -88.405815,-48.235791 1.888363,35.668001 -139.374762,12.045758 2.087587,-52.382017 125.974073
-22.055475 86.897448,-26.659502 -129.959119,55.035955 -24.638288,-49.140381 -175.866472,5.720857 -45.491508,40.953108 93.320739,-51.715639 -51.421633,36.949679 42.098919,10.563814 -176.955130,-26.659502 50.040881,55.035955 155.361712,-22.055475 -93.102552,5.720857 134.508492,40.953108 -86.679261,-49.140381 4.133528,36.949679 -137.901081,10.563814 3.044870,-51.715639 128.578367
-23.482866 87.993547,-25.256215 -128.800575,55.128426 -21.603707,-49.994441 -173.536159,7.212925 -44.562339,39.751434 94.982217,-50.987722 -48.899800,38.208866 43.626513,9.078117 -176.008201,-25.256215 51.199425,55.128426 158.396293,-23.482866 -92.006453,7.212925 135.437661,39.751434 -85.017783,-49.994441 6.463841,38.208866 -136.373487,9.078117 3.991799,-50.987722 131.100200
-24.900125 89.115972,-23.841656 -127.671157,55.138805 -18.561006,-50.794628 -171.120364,8.702515 -43.626219,38.522991 96.582098,-50.201672 -46.462484,39.443749 45.211390,7.589240 -175.070093,-23.841656 52.328843,55.138805 161.438994,-24.900125 -90.884028,8.702515 136.373781,38.522991 -83.417902,-50.794628 8.879636,39.443749 -134.788610,7.589240 4.929907,-50.201672 133.537516
-26.306347 90.266945,-22.416741 -126.568616,55.067020 -15.523158,-51.537544 -168.619722,10.189069 -42.681661,37.269763 98.123832,-49.360894 -44.110586,40.652376 46.856989,6.097746 -174.139308,-22.416741 53.431384,55.067020 164.476842,-26.306347 -89.733055,10.189069 137.318339,37.269763 -81.876168,-51.537544 11.380278,40.652376 -133.143011,6.097746 5.860692,-49.360894 135.889414
-27.700573 91.448795,-20.982332 -125.490804,54.913577 -12.502996,-52.219777 -166.035984,11.672016 -41.727138,35.993599 99.610810,-48.468750 -41.844004,41.832654 48.566786,4.604181 -173.214379,-20.982332 54.509196,54.913577 167.497004,-27.700573 -88.551205,11.672016 138.272862,35.993599 -80.389190,-52.219777 13.964016,41.832654 -131.433214,4.604181 6.785621,-48.468750 138.155996
-29.081778 92.663964,-19.539245 -124.435668,54.679547 -9.512858,-52.837958 -163.372155,13.150767 -40.761087,34.696218 101.046339,-47.528519 -39.661780,42.982341 50.344249,3.109081 -172.293861,-19.539245 55.564332,54.679547 170.487142,-29.081778 -87.336036,13.150767 139.238913,34.696218 -78.953661,-52.837958 16.627845,42.982341 -129.655751,3.109081 7.706139,-47.528519 140.338220
-30.448866 93.915009,-18.088249 -123.401245,54.366528 -6.564262,-53.388819 -160.632603,14.624714 -39.781896,33.379220 102.433624,-46.543368 -37.562257,44.099035 52.192795,1.612978 -171.376330,-18.088249 56.598755,54.366528 173.435738,-30.448866 -86.084991,14.624714 140.218104,33.379220 -77.566376,-53.388819 19.367397,44.099035 -127.807205,1.612978 8.623670,-46.543368 142.437743
-31.800666 95.204607,-16.630075 -122.385652,53.976594 -3.667634,-53.869260 -157.823138,16.093222 -38.787899,32.044092 103.775757,-45.516334 -35.543209,45.180179 54.115716,0.116395 -170.460372,-16.630075 57.614348,53.976594 176.332366,-31.800666 -84.795393,16.093222 141.212101,32.044092 -76.224243,-53.869260 22.176862,45.180179 -125.884284,0.116395 9.539628,-45.516334 144.456791
-33.135918 96.535558,-15.165419 -121.387082,53.512227 -0.832108,-54.276424 -154.951031,17.555634 -37.777370,30.692217 105.075708,-44.450308 -33.601980,46.223052 56.116109,-1.380146 -169.544580,-15.165419 58.612918,53.512227 179.167892,-33.135918 -83.464442,17.555634 142.222630,30.692217 -74.924292,-54.276424 25.048969,46.223052 -123.883891,-1.380146 10.455420,-44.450308 146.398020
-34.453276 97.910782,-13.694946 -120.403795,52.976251 1.934608,-54.607767 -152.024976,19.011257 -36.748519,29.324884 106.336325,-43.348028 -31.735590,47.224776 58.196777,-2.876124 -168.627549,-13.694946 59.596205,52.976251 -178.065392,-34.453276 -82.089218,19.011257 143.251481,29.324884 -73.663675,-54.607767 27.975024,47.224776 -121.803223,-2.876124 11.372451,-43.348028 148.264410
-35.751288 99.333322,-12.219292 -119.434112,52.371751 4.626285,-54.861135 -149.054981,20.459368 -35.699478,27.943295 107.560331,-42.212071 -29.940833,48.182323 60.360121,-4.371016 -167.707868,-12.219292 60.565888,52.371751 -175.373715,-35.751288 -80.666678,20.459368 144.300522,27.943295 -72.439669,-54.861135 30.945019,48.182323 -119.639879,-4.371016 12.292132,-42.212071 150.059167
-37.028396 100.806331,-10.739071 -118.476412,51.702001 7.238165,-55.034823 -146.052184,21.899204 -34.628301,26.548571 108.750327,-41.044859 -28.214364,49.092525 62.608012,-5.864295 -166.784115,-10.739071 61.523588,51.702001 -172.761835,-37.028396 -79.193669,21.899204 145.371699,26.548571 -71.249673,-55.034823 33.947816,49.092525 -117.391988,-5.864295 13.215885,-41.044859 151.785636
-38.282926 102.333065,-9.254874 -117.529119,50.970395 9.766900,-55.127637 -143.028608,23.329957 -33.532955,25.141761 109.908793,-39.848657 -26.552761,49.952094 64.941654,-7.355426 -165.854853,-9.254874 62.470881,50.970395 -170.233100,-38.282926 -77.666935,23.329957 146.467045,25.141761 -70.091207,-55.127637 36.971392,49.952094 -115.058346,-7.355426 14.145147,-39.848657 153.447239
-39.513076 103.916867,-7.767275 -116.590700,50.180380 12.210439,-55.138927 -139.996849,24.750775 -32.411311,23.723848 111.038098,-38.625583 -24.952581,50.757649 67.361434,-8.843866 -164.918623,-7.767275 63.409300,50.180380 -167.789561,-39.513076 -76.083133,24.750775 147.588689,23.723848 -68.961902,-55.138927 40.003151,50.757649 -112.638566,-8.843866 15.081377,-38.625583 155.047419
-40.716913 105.561143,-6.276833 -115.659658,49.335405 14.567898,-55.068614 -136.969734,26.160751 -31.261139,22.295754 112.140499,-37.377609 -23.410405,51.505751 69.866764,-10.329060 -163.973935,-6.276833 64.340342,49.335405 -165.432102,-40.716913 -74.438857,26.160751 148.738861,22.295754 -67.859501,-55.068614 43.030266,51.505751 -110.133236,-10.329060 16.026065,-37.377609 156.589595
-41.892361 107.269332,-4.784095 -114.734527,48.438870 16.839411,-54.917190 -133.959959,27.558918 -30.080105,20.858347 113.218151,-36.106571 -21.922871,52.192947 72.455932,-11.810439 -163.019268,-4.784095 65.265473,48.438870 -163.160589,-41.892361 -72.730668,27.558918 149.919895,20.858347 -66.781849,-54.917190 46.040041,52.192947 -107.544068,-11.810439 16.980732,-36.106571 158.077129
-43.037196 109.044868,-3.289596 -113.813863,47.494091 19.025970,-54.685705 -130.979737,28.944248 -28.865758,19.412446 114.273114,-34.814178 -20.486696,52.815823 75.125960,-13.287416 -162.053059,-3.289596 66.186137,47.494091 -160.974030,-43.037196 -70.955132,28.944248 151.134242,19.412446 -65.726886,-54.685705 49.020263,52.815823 -104.874040,-13.287416 17.946941,-34.814178 159.513304
-44.149039 110.891123,-1.793866 -112.896240,46.504273 21.129279,-54.375724 -128.040479,30.315640 -27.615531,17.958826 115.307358,-33.502020 -19.098698,53.371064 77.872487,-14.759384 -161.073699,-1.793866 67.103760,46.504273 -158.870721,-44.149039 -69.108877,30.315640 152.384469,17.958826 -64.692642,-54.375724 51.959521,53.371064 -102.127513,-14.759384 18.926301,-33.502020 160.901302
-45.225356 112.811350,-0.297428 -111.980246,45.472483 23.151603,-53.989286 -125.152527,31.671914 -26.326735,16.498221 116.322771,-32.171576 -17.755802,53.855526 80.689695,-16.225714 -160.079525,-0.297428 68.019754,45.472483 -156.848397,-45.225356 -67.188650,31.671914 153.673265,16.498221 -63.677229,-53.989286 54.847473,53.855526 -99.310305,-16.225714 19.920475,-32.171576 162.244198
-46.263454 114.808599,1.199196 -111.064475,44.401642 25.095646,-53.528832 -122.324953,33.011807 -24.996558,15.031331 117.321163,-30.824223 -16.455056,54.266305 83.570283,-17.685748 -159.068817,1.199196 68.935525,44.401642 -154.904354,-46.263454 -65.191401,33.011807 155.003442,15.031331 -62.678837,-53.528832 57.675047,54.266305 -96.429717,-17.685748 20.931183,-30.824223 163.544944
-47.260483 116.885628,2.695484 -110.147519,43.294515 26.964434,-52.997141 -119.565427,34.333963 -23.622062,13.558823 118.304280,-29.461241 -15.193624,54.600817 86.505501,-19.138801 -158.039785,2.695484 69.852481,43.294515 -153.035566,-47.260483 -63.114372,34.333963 156.377938,13.558823 -61.695720,-52.997141 60.434573,54.600817 -93.494499,-19.138801 21.960215,-29.461241 164.806376
-48.213447 119.044792,4.190913 -109.227970,42.153704 28.761214,-52.397253 -116.880163,35.636922 -22.200188,12.081339 119.273801,-28.083827 -13.968796,54.856869 89.485262,-20.584150 -156.990570,4.190913 70.772030,42.153704 -151.238786,-48.213447 -60.955208,35.636922 157.799812,12.081339 -60.726199,-52.397253 63.119837,54.856869 -90.514738,-20.584150 23.009430,-28.083827 166.031204
-49.119211 121.287921,5.684956 -108.304404,40.981653 30.489374,-51.732397 -114.273922,36.919119 -20.727762,10.599492 120.231352,-26.693096 -12.777982,55.032725 92.498328,-22.021038 -155.919229,5.684956 71.695596,40.981653 -149.510626,-49.119211 -58.712079,36.919119 159.272238,10.599492 -59.768648,-51.732397 65.726078,55.032725 -87.501672,-22.021038 24.080771,-26.693096 167.222018
-49.974525 123.616179,7.177078 -107.375384,39.780649 32.152376,-51.005920 -111.750078,38.178868 -19.201504,9.113878 121.178512,-25.290092 -11.618709,55.127164 95.532555,-23.448662 -154.823736,7.177078 72.624616,39.780649 -147.847624,-49.974525 -56.383821,38.178868 160.798496,9.113878 -58.821488,-51.005920 68.249922,55.127164 -84.467445,-23.448662 25.176264,-25.290092 168.381291
-50.776047 126.029922,8.666733 -106.439449,38.552825 33.753698,-50.221227 -109.310714,39.414357 -17.618044,7.625071 122.116815,-23.875792 -10.488617,55.139521 98.575212,-24.866174 -153.701970,8.666733 73.560551,38.552825 -146.246302,-50.776047 -53.970078,39.414357 162.381956,7.625071 -57.883185,-50.221227 70.689286,55.139521 -81.424788,-24.866174 26.298030,-23.875792 169.511383
-51.520380 128.528540,10.153367 -105.495111,37.300171 35.296789,-49.381726 -106.956760,40.623640 -15.973945,6.133634 123.047758,-22.451116 -9.385456,55.069707 101.613329,-26.272673 -152.551711,10.153367 74.504889,37.300171 -144.703211,-51.520380 -51.471460,40.623640 164.026055,6.133634 -56.952242,-49.381726 73.043240,55.069707 -78.386671,-26.272673 27.448289,-22.451116 170.614544
-52.204112 131.110310,11.636407 -104.540846,36.024538 36.785045,-48.490778 -104.688134,41.804626 -14.265733,4.640112 123.972811,-21.016926 -8.307073,54.918217 104.634063,-27.667199 -151.370631,11.636407 75.459154,36.024538 -143.214955,-52.204112 -48.889690,41.804626 165.734267,4.640112 -56.027189,-48.490778 75.311866,54.918217 -75.365937,-27.667199 28.629369,-21.016926 171.692927
-52.823872 133.772260,13.115266 -103.575091,34.727648 38.221773,-47.551665 -102.503900,42.955075 -12.489937,3.145043 124.893418,-19.574038 -7.251416,54.686108 107.625062,-29.048730 -150.156292,13.115266 76.424909,34.727648 -141.778227,-52.823872 -46.227740,42.955075 167.510063,3.145043 -55.106582,-47.551665 77.496100,54.686108 -72.374938,-29.048730 29.843708,-19.574038 172.748584
-53.376388 136.510053,14.589336 -102.596235,33.411104 39.610182,-46.567558 -100.402412,44.072592 -10.643140,1.648958 125.811004,-18.123223 -6.216517,54.374966 110.574785,-30.416171 -148.906141,14.589336 77.403765,33.411104 -140.389818,-53.376388 -43.489947,44.072592 169.356860,1.648958 -54.188996,-46.567558 79.597588,54.374966 -69.425215,-30.416171 31.093859,-18.123223 173.783483
-53.858558 139.317916,16.057983 -101.602614,32.076395 40.953365,-45.541496 -98.381459,45.154622 -8.722044,0.152380 126.726983,-16.665213 -5.200493,53.986853 113.472774,-31.768352 -147.617503,16.057983 78.397386,32.076395 -139.046635,-53.858558 -40.682084,45.154622 171.277956,0.152380 -53.273017,-45.541496 81.618541,53.986853 -66.527226,-31.768352 32.382497,-16.665213 174.799507
-54.267514 142.188613,17.520549 -100.592504,30.724907 42.254296,-44.476376 -96.438393,46.198448 -6.723548,-1.344168 127.642763,-15.200705 -4.201534,53.524244 116.309866,-33.104018 -146.287580,17.520549 79.407496,30.724907 -137.745704,-54.267514 -37.811387,46.198448 173.276452,-1.344168 -52.357237,-44.476376 83.561607,53.524244 -63.690134,-33.104018 33.712420,-15.200705 175.798466
-54.600708 145.113483,18.976344 -99.564114,29.357931 43.515827,-43.374936 -94.570240,47.201197 -4.644840,-2.840166 128.559748,-13.730364 -3.217899,52.989955 119.078315,-34.421823 -144.913455,18.976344 80.435886,29.357931 -136.484173,-54.600708 -34.886517,47.201197 175.355160,-2.840166 -51.440252,-43.374936 85.429760,52.989955 -60.921685,-34.421823 35.086545,-13.730364 176.782101
-54.855972 148.082549,20.424644 -98.515581,27.976672 44.740682,-42.239759 -92.773800,48.159843 -2.483509,-4.335091 129.479349,-12.254828 -2.247909,52.387064 121.771858,-35.720317 -143.492089,20.424644 81.484419,27.976672 -135.259318,-54.855972 -31.917451,48.159843 177.516491,-4.335091 -50.520651,-42.239759 87.226200,52.387064 -58.228142,-35.720317 36.507911,-12.254828 177.752091
-55.031592 151.084695,21.864688 -97.444960,26.582251 45.931466,-41.073272 -91.045729,49.071221 -0.237668,-5.828414 130.402987,-10.774709 -1.289939,51.718844 124.385702,-36.997948 -142.020331,21.864688 82.555040,26.582251 -134.068534,-55.031592 -28.915305,49.071221 179.762332,-5.828414 -49.597013,-41.073272 88.954271,51.718844 -55.614298,-36.997948 37.979669,-10.774709 178.710061
-55.126360 154.107918,23.295670 -96.350220,25.175720 47.090662,-39.877742 -89.382606,49.932047 2.093905,-7.319603 131.332099,-9.290601 -0.342414,50.988684 126.916465,-38.253041 -140.494928,23.295670 83.649780,25.175720 -132.909338,-55.126360 -25.892082,49.932047 -177.906095,-7.319603 -48.667901,-39.877742 90.617394,50.988684 -53.083535,-38.253041 39.505072,-9.290601 179.657586
-55.139614 157.139630,24.716737 -95.229234,23.758063 48.220641,-38.655290 -87.780990,50.738941 4.511616,-8.808114 132.268145,-7.803078 0.596201,50.200033 129.362067,-39.483800 -138.912538,24.716737 84.770766,23.758063 -131.779359,-55.139614 -22.860370,50.738941 -175.488384,-8.808114 -47.731855,-38.655290 92.219010,50.200033 -50.637933,-39.483800 41.087462,-7.803078 -179.403799
-55.071259 160.167007,26.126984 -94.079775,22.330203 49.323663,-37.407892 -86.237459,51.488465 7.014905,-10.293393 133.212612,-6.312698 1.527402,49.356339 131.721598,-40.688293 -137.269757,26.126984 85.920225,22.330203 -130.676337,-55.071259 -19.832993,51.488465 -172.985095,-10.293393 -46.787388,-37.407892 93.762541,49.356339 -48.278402,-40.688293 42.730243,-6.312698 -178.472598
-54.921776 163.177345,27.525448 -92.899511,20.893010 50.401885,-36.137388 -84.748650,52.177166 9.602087,-11.774870 134.167021,-4.820009 2.452659,48.461005 133.995169,-41.864449 -135.563144,27.525448 87.100489,20.893010 -129.598115,-54.921776 -16.822655,52.177166 -170.397913,-11.774870 -45.832979,-36.137388 95.251350,48.461005 -46.004831,-41.864449 44.436856,-4.820009 -177.547341
-54.692199 166.158416,28.911099 -91.685995,19.447304 51.457371,-34.845490 -83.311278,52.801628 12.270216,-13.251960 135.132933,-3.325546 3.373414,47.517348 136.183753,-43.010047 -133.789268,28.911099 88.314005,19.447304 -128.542629,-54.692199 -13.841584,52.801628 -167.729784,-13.251960 -44.867067,-34.845490 96.688722,47.517348 -43.816247,-43.010047 46.210732,-3.325546 -176.626586
-54.384084 169.098784,30.282839 -90.436662,17.993861 52.492090,-33.533790 -81.922158,53.358533 15.014966,-14.724056 136.111958,-1.829839 4.291093,46.528576 138.289038,-44.122713 -131.944752,30.282839 89.563338,17.993861 -127.507910,-54.384084 -10.901216,53.358533 -164.985034,-14.724056 -43.888042,-33.533790 98.077842,46.528576 -41.710962,-44.122713 48.055248,-1.829839 -175.708907
-53.999456 171.988081,31.639491 -89.148826,16.533416 53.507934,-32.203769 -80.578213,53.844731 17.830555,-16.190529 137.105755,-0.333412 5.207109,45.497760 140.313279,-45.199915 -130.026340,31.639491 90.851174,16.533416 -126.492066,-53.999456 -8.011919,53.844731 -162.169445,-16.190529 -42.894245,-32.203769 99.421787,45.497760 -39.686721,-45.199915 49.973660,-0.333412 -174.792891
-53.540751 174.817203,32.979794 -87.819677,15.066669 54.506715,-30.856806 -79.276487,54.257314 20.709715,-17.650723 138.116045,1.163213 6.122870,44.427826 142.259171,-46.238965 -128.030977,32.979794 92.180323,15.066669 -125.493285,-53.540751 -5.182797,54.257314 -159.290285,-17.650723 -41.883955,-30.856806 100.723513,44.427826 -37.740829,-46.238965 51.969023,1.163213 -173.877130
-53.010738 177.578444,34.302392 -86.446282,13.594289 55.490179,-29.494186 -78.014142,54.593687 23.643733,-19.103951 139.144615,2.659516 7.039780,43.321539 144.129730,-47.237016 -125.955896,34.302392 93.553718,13.594289 -124.509821,-53.010738 -2.421556,54.593687 -156.356267,-19.103951 -40.855385,-29.494186 101.985858,43.321539 -35.870270,-47.237016 54.044104,2.659516 -172.960220
-52.412452 -179.734444,35.605832 -85.025584,12.116916 56.460008,-28.117105 -76.788465,54.851647 26.622551,-20.549495 140.193323,4.154972 7.959251,42.181509 145.928202,-48.191075 -123.798730,35.605832 94.974416,12.116916 -123.539992,-52.412452 0.265556,54.851647 -153.377449,-20.549495 -39.806677,-28.117105 103.211535,42.181509 -34.071798,-48.191075 56.201270,4.154972 -172.040749
-51.749119 -177.126259,36.888547 -83.554412,10.635168 57.417829,-26.726682 -75.596863,55.029448 29.634955,-21.986595 141.264108,5.649054 8.882703,41.010182 147.657972,-49.098012 -121.557637,36.888547 96.445588,10.635168 -122.582171,-51.749119 2.873741,55.029448 -150.365045,-21.986595 -38.735892,-26.726682 104.403137,41.010182 -32.342028,-49.098012 58.442363,5.649054 -171.117297
-51.024084 -174.600404,38.148856 -82.029487,9.149637 58.365220,-25.323961 -74.436859,55.125855 32.668821,-23.414452 142.358996,7.141228 9.811575,39.809849 149.322500,-49.954578 -119.231433,38.148856 97.970513,9.149637 -121.634780,-51.024084 5.399596,55.125855 -147.331179,-23.414452 -37.641004,-25.323961 105.563141,39.809849 -30.677500,-49.954578 60.768567,7.141228 -170.188425
-50.240751 -172.158994,39.384951 -80.447443,7.660901 59.303718,-23.909922 -73.306093,55.140189 35.711428,-24.832218 143.480104,8.630950 10.747326,38.582646 150.925264,-50.757433 -116.819743,39.384951 99.552557,7.660901 -120.696282,-50.240751 7.841006,55.140189 -144.288572,-24.832218 -36.519896,-23.909922 106.693907,38.582646 -29.074736,-50.757433 63.180257,8.630950 -169.252674
-49.402527 -169.802983,40.594888 -78.804842,6.169520 60.234821,-22.485485 -72.202309,55.072347 38.749805,-26.238992 144.629652,10.117662 11.691444,37.330566 152.469716,-51.503180 -114.323150,40.594888 101.195158,6.169520 -119.765179,-49.402527 10.197017,55.072347 -141.250195,-26.238992 -35.370348,-22.485485 107.797691,37.330566 -27.530284,-51.503180 65.676850,10.117662 -168.308556
-48.512777 -167.532314,41.776579 -77.098213,4.676042 61.159998,-21.051514 -71.123356,54.922810 41.771106,-27.633818 145.809963,11.600796 12.645452,36.055465 153.959251,-52.188409 -111.743350,41.776579 102.901787,4.676042 -118.840002,-48.512777 12.467686,54.922810 -138.228894,-27.633818 -34.190037,-21.051514 108.876644,36.055465 -26.040749,-52.188409 68.256650,11.600796 -167.354548
-47.574785 -165.346067,42.927790 -75.324082,3.181004 62.080695,-19.608826 -70.067176,54.692623 44.762959,-29.015674 147.023472,13.079763 13.610912,34.759067 155.397180,-52.809747 -109.083283,42.927790 104.675918,3.181004 -117.919305,-47.574785 14.653933,54.692623 -135.237041,-29.015674 -32.976528,-19.608826 109.932824,34.759067 -24.602820,-52.809747 70.916717,13.079763 -166.389088
-46.591723 -163.242613,44.046129 -73.479032,1.684937 62.998337,-18.158193 -69.031800,54.383359 47.713801,-30.383467 148.272731,14.553955 14.589434,33.442978 156.786713,-53.363917 -106.347251,44.046129 106.520968,1.684937 -117.001663,-46.591723 16.757387,54.383359 -132.286199,-30.383467 -31.727269,-18.158193 110.968200,33.442978 -23.213287,-53.363917 73.652749,14.553955 -165.410566
-45.566636 -161.219754,45.129043 -71.559760,0.188365 63.914339,-16.700348 -68.015344,53.997069 50.613148,-31.736029 149.560412,16.022740 15.582680,32.108689 158.130948,-53.847813 -103.540993,45.129043 108.440240,0.188365 -116.085661,-45.566636 18.780246,53.997069 -129.386852,-31.736029 -30.439588,-16.700348 111.984656,32.108689 -21.869052,-53.847813 76.459007,16.022740 -164.417320
-44.502422 -159.274849,46.173821 -69.563159,-1.308190 64.830106,-15.235989 -67.015995,53.536220 53.451800,-33.072108 150.889308,17.485460 16.592373,30.757589 159.432862,-54.258561 -100.671711,46.173821 110.436841,-1.308190 -115.169894,-44.502422 20.725151,53.536220 -126.548200,-33.072108 -29.110692,-15.235989 112.984005,30.757589 -20.567138,-54.258561 79.328289,17.485460 -163.407627
-43.401824 -157.404932,47.177592 -67.486409,-2.804207 65.747046,-13.765780 -66.032012,53.003619 56.221979,-34.390358 152.262335,18.941426 17.620302,29.390971 160.695307,-54.593603 -97.748031,47.177592 112.513591,-2.804207 -114.252954,-43.401824 22.595068,53.003619 -123.778021,-34.390358 -27.737665,-13.765780 113.967988,29.390971 -19.304693,-54.593603 82.251969,18.941426 -162.379698
-42.267430 -155.606806,48.137335 -65.327089,-4.299164 66.666567,-12.290361 -65.061713,52.402340 58.917385,-35.689335 153.682529,20.389916 18.668328,28.010041 161.921013,-54.850763 -94.779902,48.137335 114.672911,-4.299164 -113.333433,-42.267430 24.393194,52.402340 -121.082615,-35.689335 -26.317471,-12.290361 114.938287,28.010041 -18.078987,-54.850763 85.220098,20.389916 -161.331672
-41.101668 -153.877132,49.049888 -63.083297,-5.792532 67.590092,-10.810346 -64.103473,51.735651 61.533191,-36.967486 155.153037,21.830167 19.738394,26.615924 163.112586,-55.028315 -91.778413,49.049888 116.916703,-5.792532 -112.409908,-41.101668 26.122868,51.735651 -118.466809,-36.967486 -24.846963,-10.810346 115.896527,26.615924 -16.887414,-55.028315 88.221587,21.830167 -160.261606
-39.906811 -152.212488,49.911969 -60.753795,-7.283779 68.519055,-9.326327 -63.155715,51.006940 64.065980,-38.223142 156.677111,23.261376 20.832530,25.209672 164.272514,-55.125037 -88.755551,49.911969 119.246205,-7.283779 -111.480945,-39.906811 27.787512,51.006940 -115.934020,-38.223142 -23.322889,-9.326327 116.844285,25.209672 -15.727486,-55.125037 91.244449,23.261376 -159.167470
-38.684983 -150.609432,50.720199 -58.338152,-8.772361 69.454917,-7.838879 -62.216903,50.219655 66.513645,-39.454508 158.258091,24.682693 21.952860,23.792272 165.403168,-55.140253 -85.723893,50.720199 121.661848,-8.772361 -110.545083,-38.684983 29.390568,50.219655 -113.486355,-39.454508 -21.741909,-7.838879 117.783097,23.792272 -14.596832,-55.140253 94.276107,24.682693 -158.047140
-37.438163 -149.064545,51.471143 -55.836906,-10.257724 70.399164,-6.348562 -61.285541,49.377244 68.875248,-40.659657 159.899381,26.093211 23.101607,22.364647 166.506812,-55.073857 -82.696261,51.471143 124.163094,-10.257724 -109.600836,-37.438163 30.935455,49.377244 -111.124752,-40.659657 -20.100619,-6.348562 118.714459,22.364647 -13.493188,-55.073857 97.303739,26.093211 -156.898393
-36.168193 -147.574459,52.161347 -53.251711,-11.739299 71.353316,-4.855921 -60.360158,48.483112 71.150877,-41.836519 161.604418,27.491970 24.281102,20.927669 167.585607,-54.926315 -79.685367,52.161347 126.748289,-11.739299 -108.646684,-36.168193 32.425541,48.483112 -108.849123,-41.836519 -18.395582,-4.855921 119.639842,20.927669 -12.414393,-54.926315 100.314633,27.491970 -155.718898
-34.876790 -146.135888,52.787393 -50.585484,-13.216502 72.318933,-3.361495 -59.439312,47.540579 73.341488,-42.982879 163.376637,28.877942 25.493789,19.482158 168.641615,-54.698647 -76.703456,52.787393 129.414516,-13.216502 -107.681067,-34.876790 33.864112,47.540579 -106.658512,-42.982879 -16.623363,-3.361495 120.560688,19.482158 -11.358385,-54.698647 103.296544,28.877942 -154.506211
-33.565548 -144.745644,53.345960 -47.842514,-14.688725 73.297623,-1.865812 -58.521576,46.552855 75.448752,-44.096366 165.219416,30.250030 26.742230,18.028892 169.676812,-54.392398 -73.761982,53.345960 132.157486,-14.688725 -106.702377,-33.565548 35.254356,46.552855 -104.551248,-44.096366 -14.780584,-1.865812 121.478424,18.028892 -10.323188,-54.392398 106.238018,30.250030 -153.257770
-32.235952 -143.400649,53.833894 -45.028549,-16.155341 74.291045,-0.369396 -57.605536,45.523015 77.474911,-45.174452 167.136014,31.607059 28.029108,16.568607 170.693088,-54.009584 -70.871345,53.833894 134.971451,-16.155341 -105.708955,-32.235952 36.599351,45.523015 -102.525089,-45.174452 -12.863986,-0.369396 122.394464,16.568607 -9.306912,-54.009584 109.128655,31.607059 -151.970892
-30.889381 -142.097941,54.248278 -42.150821,-17.615693 75.300918,1.127230 -56.689786,44.453988 79.422652,-46.214451 169.129493,32.947770 29.357229,15.102003 171.692259,-53.552628 -68.040680,54.248278 137.849179,-17.615693 -104.699082,-30.889381 37.902059,44.453988 -100.577348,-46.214451 -10.870507,1.127230 123.310214,15.102003 -8.307741,-53.552628 111.959320,32.947770 -150.642771
-29.527123 -140.834682,54.586511 -39.218009,-19.069098 76.329027,2.623547 -55.772919,43.348545 81.294985,-47.213523 171.202628,34.270811 30.729525,13.629751 172.676071,-53.024295 -65.277727,54.586511 140.781991,-19.069098 -103.670973,-29.527123 39.165318,43.348545 -98.705015,-47.213523 -8.797372,2.623547 124.227081,13.629751 -7.323929,-53.024295 114.722273,34.270811 -149.270475
-28.150376 -139.608154,54.846380 -36.240140,-20.514835 77.377228,4.119030 -54.853527,42.209297 83.095151,-48.168676 173.357796,35.574729 32.149049,12.152492 173.646208,-52.427614 -62.588772,54.846380 143.759860,-20.514835 -102.622772,-28.150376 40.391846,42.209297 -96.904849,-48.168676 -6.642204,4.119030 125.146473,12.152492 -6.353792,-52.427614 117.411228,35.574729 -147.850951
-26.760261 -138.415762,55.026124 -33.228405,-21.952147 78.447459,5.613151 -53.930187,41.038695 84.826533,-49.076784 175.596855,36.857962 33.618970,10.670841 174.604299,-51.765805 -59.978643,55.026124 146.771595,-21.952147 -101.552541,-26.760261 41.584238,41.038695 -95.173467,-49.076784 -4.403145,5.613151 126.069813,10.670841 -5.395701,-51.765805 120.021357,36.857962 -146.381030
-25.357824 -137.255027,55.124498 -30.194907,-23.380236 79.541743,7.105377 -53.001462,39.839032 86.492589,-49.934599 177.921004,38.118831 35.142562,9.185395 175.551923,-51.042214 -57.450779,55.124498 149.805093,-23.380236 -100.458257,-25.357824 42.744973,39.839032 -93.507411,-49.934599 -2.078996,7.105377 126.998538,9.185395 -4.448077,-51.042214 122.549221,38.118831 -144.857438
-23.944047 -136.123584,55.140809 -27.152359,-24.798255 80.662195,8.595164 -52.065894,38.612452 88.096796,-50.738786 -179.669358,39.355530 36.723194,7.696729 176.490616,-50.260242 -55.007323,55.140809 152.847641,-24.798255 -99.337805,-23.944047 43.876416,38.612452 -91.903204,-50.738786 0.330642,8.595164 127.934106,7.696729 -3.509384,-50.260242 124.992677,39.355530 -143.276806
-22.519849 -135.019178,55.074940 -24.113728,-26.205304 81.811032,10.081956 -51.121995,37.360948 89.642610,-51.485946 -177.174792,40.566119 38.364297,6.205405 177.421880,-49.423299 -52.649256,55.074940 155.886272,-26.205304 -98.188968,-22.519849 44.980822,37.360948 -90.357390,-51.485946 2.825208,10.081956 128.878005,6.205405 -2.578120,-49.423299 127.350744,40.566119 -141.635703
-21.086097 -133.939652,54.927357 -21.091869,-27.600429 82.990575,11.565183 -50.168243,36.086380 91.133426,-52.172670 -174.596963,41.748516 40.069346,4.711971 178.347183,-48.534749 -50.376543,54.927357 158.908131,-27.600429 -97.009425,-21.086097 46.060348,36.086380 -88.866574,-52.172670 5.403037,11.565183 129.831757,4.711971 -1.652817,-48.534749 129.623457,41.748516 -139.930654
-19.643610 -132.882947,54.699093 -18.099168,-28.982609 84.203257,13.044257 -49.203077,34.790475 92.572558,-52.795583 -171.938781,42.900487 41.841814,3.216964 179.267971,-47.597879 -48.188283,54.699093 161.900832,-28.982609 -95.796743,-19.643610 47.117053,34.790475 -87.427442,-52.795583 8.061219,13.044257 130.796923,3.216964 -0.732029,-47.597879 131.811717,42.900487 -138.158186
-18.193159 -131.847094,54.391708 -15.147212,-30.350754 85.451625,14.518571 -48.224888,33.474841 93.963218,-53.351406 -169.204514,44.019645 43.685120,1.720916 -179.814330,-46.615865 -46.082862,54.391708 164.852788,-30.350754 -94.548375,-18.193159 48.152906,33.474841 -86.036782,-53.351406 10.795486,14.518571 131.775112,1.720916 0.185670,-46.615865 133.917138,44.019645 -136.314880
-16.735479 -130.830204,54.007243 -12.246514,-31.703697 86.738350,15.987493 -47.232016,32.140972 95.308507,-53.837025 -166.399866,45.103442 45.602570,0.224350 -178.898306,-45.591753 -44.058094,54.007243 167.753486,-31.703697 -93.261650,-16.735479 49.169796,32.140972 -84.691493,-53.837025 13.600134,15.987493 132.767984,0.224350 1.101694,-45.591753 135.941906,45.103442 -134.397430
-15.271268 -129.830465,53.548154 -9.406306,-33.040188 88.066222,17.450367 -46.222739,30.790261 96.611404,-54.249564 -163.532004,46.149170 47.597277,-1.272212 -177.982549,-44.528447 -42.111348,53.548154 170.593694,-33.040188 -91.933778,-15.271268 50.169535,30.790261 -83.388596,-54.249564 16.467996,17.450367 133.777261,-1.272212 2.017451,-44.528447 137.888652,46.149170 -132.402723
-13.801193 -128.846132,53.017243 -6.634400,-34.358883 89.438153,18.906504 -45.195271,29.424002 97.874766,-54.586453 -160.609520,47.153962 49.672069,-2.768248 -177.065654,-43.428693 -40.239665,53.017243 173.365600,-34.358883 -90.561847,-13.801193 51.153868,29.424002 -82.125234,-54.586453 19.390480,18.906504 134.804729,-2.768248 2.934346,-43.428693 139.760335,47.153962 -130.327931
-12.325892 -127.875524,52.417578 -3.937134,-35.658341 90.857176,20.355182 -44.147750,28.043403 99.101324,-54.845508 -157.642333,48.114800 51.829379,-4.263236 -176.146212,-42.295082 -38.439852,52.417578 176.062866,-35.658341 -89.142824,-12.325892 52.124476,28.043403 -80.898676,-54.845508 22.357667,20.355182 135.852250,-4.263236 3.853788,-42.295082 141.560148,48.114800 -128.170621
-10.845980 -126.917012,51.752422 -1.319369,-36.937012 92.326436,21.795641 -43.078237,26.649590 100.293688,-55.024990 -154.641509,49.028526 54.071123,-5.756649 -175.222800,-41.130047 -36.708572,51.752422 178.680631,-36.937012 -87.673564,-10.845980 53.082988,26.649590 -79.706312,-55.024990 25.358491,21.795641 136.921763,-5.756649 4.777200,-41.130047 143.291428,49.028526 -125.928877
-9.362051 -125.969020,51.025162 1.215446,-38.193229 93.849184,23.227078 -41.984704,25.243618 101.454349,-55.123666 -151.619015,49.891859 56.398556,-7.247953 -174.293985,-39.935864 -35.042404,51.025162 -178.784554,-38.193229 -86.150816,-9.362051 54.030980,25.243618 -78.545651,-55.123666 28.380985,23.227078 138.015296,-7.247953 5.706015,-39.935864 144.957596,49.891859 -123.601444
-7.874679 -125.030011,50.239245 3.665173,-39.425201 95.428756,24.648642 -40.865030,23.826475 102.585680,-55.140846 -148.587418,50.701425 58.812130,-8.736605 -173.358306,-38.714661 -33.437909,50.239245 -176.334827,-39.425201 -84.571244,-7.874679 54.969989,23.826475 -77.414320,-55.140846 31.412582,24.648642 139.134970,-8.736605 6.641694,-38.714661 146.562091,50.701425 -121.187870
-6.384424 -124.098487,49.398119 6.028848,-40.631004 97.068555,26.059431 -39.716994,22.399085 103.689948,-55.076409 -145.559539,51.453787 61.311332,-10.222052 -172.414279,-37.468419 -31.891662,49.398119 -173.971152,-40.631004 -82.931445,-6.384424 55.901513,22.399085 -76.310052,-55.076409 34.440461,26.059431 140.283006,-10.222052 7.585721,-37.468419 148.108338,51.453787 -118.688668
-4.891833 -123.172978,48.505191 8.306537,-41.808572 98.772019,27.458484 -38.538266,20.962322 104.769315,-54.930808 -142.548097,52.145491 63.894537,-11.703726 -171.460383,-36.198986 -30.400298,48.505191 -171.693463,-41.808572 -81.227981,-4.891833 56.827022,20.962322 -75.230685,-54.930808 37.451903,27.458484 141.461734,-11.703726 8.539617,-36.198986 149.599702,52.145491 -116.105463
-3.397443 -122.252039,47.563784 10.499175,-42.955692 100.542583,28.844776 -37.326406,19.517008 105.825848,-54.705050 -139.565350,52.773119 66.558861,-13.181040 -170.495060,-34.908079 -28.960526,47.563784 -169.500825,-42.955692 -79.457417,-3.397443 57.747961,19.517008 -74.174152,-54.705050 40.434650,28.844776 142.673594,-13.181040 9.504940,-34.908079 151.039474,52.773119 -113.441139
-1.901784 -121.334245,46.577110 12.608418,-44.069998 102.383627,30.217211 -36.078856,18.063919 106.861522,-54.400669 -136.622778,53.333347 69.300047,-14.653391 -169.516703,-33.597297 -27.569157,46.577110 -167.391582,-44.069998 -77.616373,-1.901784 58.665755,18.063919 -73.138478,-54.400669 43.377222,30.217211 143.921144,-14.653391 10.483297,-33.597297 152.430843,53.333347 -110.699953
-0.405380 -120.418181,45.548248 14.636497,-45.148966 104.298413,31.574617 -34.792935,16.603794 107.878232,-54.019668 -133.730805,53.823014 72.112384,-16.120149 -168.523655,-32.268124 -26.223109,45.548248 -165.363503,-45.148966 -75.701587,-0.405380 59.581819,16.603794 -72.121768,-54.019668 46.269195,31.574617 145.207065,-16.120149 11.476345,-32.268124 153.776891,53.823014 -107.887616
1.091248 -119.502440,44.480129 16.586089,-46.189915 106.290010,32.915736 -33.465839,15.137335 108.877793,-53.564464 -130.898602,54.239198 74.988675,-17.580660 -167.514199,-30.921947 -24.919418,44.480129 -163.413911,-46.189915 -73.709990,1.091248 60.497560,15.137335 -71.122207,-53.564464 49.101398,32.915736 146.534161,-17.580660 12.485801,-30.921947 155.080582,54.239198 -105.011325
