-0.121097 -95.055183,51.386580 -90.553768,76.710130 69.589502,25.690978 83.227286,-25.908450 86.694311,-76.761321 100.378599,-51.535698 -99.565600,17.093286 -63.944979,68.364138 -55.970434,59.900058 108.755107,8.487477 114.417345,-43.018454 118.299949,-84.444447 -105.090735,-34.474538 -67.510225,34.275595 -32.603294,84.430819 4.876455,42.842482 141.625446,-8.726873 145.502771,-60.019052 151.179640,-68.450340 -44.165222,-17.324364 -36.166085,51.386580 -0.553768,76.710130 159.589502,25.690978 173.227286,-25.908450 176.694311,-76.761321 -169.621401,-51.535698 -9.565600,-0.121097 -5.055183,68.364138 34.029566,59.900058 -161.244893,8.487477 -155.582655,-43.018454 -151.700051,-84.444447 -15.090735,-34.474538 22.489775,17.093286 26.055021,84.430819 94.876455,42.842482 -128.374554,-8.726873 -124.497229,-60.019052 -118.820360,-68.450340 45.834778,-17.324364 53.833915,34.275595 57.396706
3.523138 -95.077841,54.994986 -90.172179,73.201655 72.737882,22.052649 83.248821,-29.537162 86.733453,-80.176791 105.888728,-47.933714 -99.274582,20.734220 -63.941198,71.920202 -54.247418,56.300571 109.317249,4.843240 114.397610,-46.627611 118.499371,-81.377067 -89.670889,-30.850740 -67.440744,37.904635 -32.505843,86.359982 44.336290,39.218340 141.774029,-12.367753 145.487628,-63.596522 151.942465,-64.889724 -42.972108,-13.686153 -36.171736,54.994986 -0.172179,73.201655 162.737882,22.052649 173.248821,-29.537162 176.733453,-80.176791 -164.111272,-47.933714 -9.274582,3.523138 -5.077841,71.920202 35.752582,56.300571 -160.682751,4.843240 -155.602390,-46.627611 -151.500629,-81.377067 0.329111,-30.850740 22.559256,20.734220 26.058802,86.359982 134.336290,39.218340 -128.225971,-12.367753 -124.512372,-63.596522 -118.057535,-64.889724 47.027892,-13.686153 53.828264,37.904635 57.494157
7.167451 -95.098692,58.597076 -89.666030,69.654878 74.734645,18.412340 83.256777,-33.162323 86.793965,-83.394803 117.162751,-44.326377 -99.053879,24.373309 -63.924951,75.445342 -51.602740,52.694325 109.739542,1.198927 114.375392,-50.231595 118.762733,-78.010963 -82.688282,-27.223277 -67.394396,41.530147 -32.372465,85.355947 94.064314,35.590536 141.883558,-16.006745 145.479045,-67.162375 152.995938,-61.316068 -42.117308,-10.045911 -36.184753,58.597076 0.333970,69.654878 164.734645,18.412340 173.256777,-33.162323 176.793965,-83.394803 -152.837249,-44.326377 -9.053879,7.167451 -5.098692,75.445342 38.397260,52.694325 -160.260458,1.198927 -155.624608,-50.231595 -151.237267,-78.010963 7.311718,-27.223277 22.605604,24.373309 26.075049,85.355947 -175.935686,35.590536 -128.116442,-16.006745 -124.520955,-67.162375 -117.004062,-61.316068 47.882692,-10.045911 53.815247,41.530147 57.627535
10.811418 -95.115843,62.191435 -88.986586,66.085953 76.086720,14.770429 83.254075,-36.783624 86.881084,-85.920751 145.538348,-40.714145 -98.887563,28.010182 -63.892985,78.911739 -47.179490,49.082399 110.059282,-2.445037 114.352543,-53.829858 119.109733,-74.539122 -78.876979,-23.592467 -67.366625,45.151751 -32.193705,82.518606 115.741015,31.959431 141.961988,-19.643462 145.479332,-70.711778 154.500122,-57.732688 -41.488717,-6.404034 -36.202982,62.191435 1.013414,66.085953 166.086720,14.770429 173.254075,-36.783624 176.881084,-85.920751 -124.461652,-40.714145 -8.887563,10.811418 -5.115843,78.911739 42.820510,49.082399 -159.940718,-2.445037 -155.647457,-53.829858 -150.890267,-74.539122 11.123021,-23.592467 22.633375,28.010182 26.107015,82.518606 -154.258985,31.959431 -128.038012,-19.643462 -124.520668,-70.711778 -115.499878,-57.732688 48.511283,-6.404034 53.797018,45.151751 57.806295
14.454621 -95.127275,65.775782 -88.056672,62.502627 77.043434,11.127311 83.243240,-40.400756 87.001447,-86.060577 -161.380694,-37.097390 -98.763946,31.644480 -63.841387,82.242218 -38.706638,45.465538 110.301834,-6.088229 114.330891,-57.421630 119.568580,-71.018474 -76.533825,-19.958637 -67.353708,48.769013 -31.956919,79.207686 124.783850,28.325373 142.015500,-23.277537 145.491114,-74.235377 156.755602,-54.141526 -41.018449,-2.760929 -36.224443,65.775782 1.943328,62.502627 167.043434,11.127311 173.243240,-40.400756 177.001447,-86.060577 -71.380694,-37.097390 -8.763946,14.454621 -5.127275,82.242218 51.293362,45.465538 -159.698166,-6.088229 -155.669109,-57.421630 -150.431420,-71.018474 13.466175,-19.958637 22.646292,31.644480 26.158613,79.207686 -145.216150,28.325373 -127.984500,-23.277537 -124.508886,-74.235377 -113.244398,-54.141526 48.981551,-2.760929 53.775557,48.769013 58.043081
18.096653 -95.130777,69.346190 -86.746510,58.909029 77.740999,7.483394 83.226503,-44.013393 87.163648,-83.654569 -130.547887,-33.476438 -98.674231,35.275854 -63.765341,85.150559 -18.776398,41.844291 110.485068,-9.730229 114.312306,-61.005748 120.181205,-67.470844 -74.979315,-16.322134 -67.352535,52.381393 -31.644744,75.748798 129.434152,24.688710 142.049002,-26.908623 145.517460,-77.712902 160.395165,-50.543791 -40.663022,0.882985 -36.247261,69.346190 3.253490,58.909029 167.740999,7.483394 173.226503,-44.013393 177.163648,-83.654569 -40.547887,-33.476438 -8.674231,18.096653 -5.130777,85.150559 71.223602,41.844291 -159.514932,-9.730229 -155.687694,-61.005748 -149.818795,-67.470844 15.020685,-16.322134 22.647465,35.275854 26.234659,75.748798 -140.565848,24.688710 -127.950998,-26.908623 -124.482540,-77.712902 -109.604835,-50.543791 49.336978,0.882985 53.752739,52.381393 58.355256
21.737117 -95.123854,72.895351 -84.820381,55.307544 78.259940,3.839094 83.205896,-47.621171 87.379078,-80.466533 -118.430634,-29.851599 -98.611637,38.903958 -63.658793,86.403029 28.893088,38.219102 110.621969,-13.370628 114.298754,-64.580353 121.012787,-63.906183 -73.894438,-12.683325 -67.360444,55.988167 -31.232606,72.227295 132.188557,21.049798 142.066475,-30.536388 145.562031,-81.092428 166.979233,-46.940279 -40.393285,4.527284 -36.269606,72.895351 5.179619,55.307544 168.259940,3.839094 173.205896,-47.621171 177.379078,-80.466533 -28.430634,-29.851599 -8.611637,21.737117 -5.123854,86.403029 118.893088,38.219102 -159.378031,-13.370628 -155.701246,-64.580353 -148.987213,-63.906183 16.105562,-12.683325 22.639556,38.903958 26.341207,72.227295 -137.811443,21.049798 -127.933525,-30.536388 -124.437969,-81.092428 -103.020767,-46.940279 49.606715,4.527284 53.730394,55.988167 58.767394
25.375632 -95.103625,76.408187 -81.804004,51.699644 78.650868,0.194835 83.183321,-51.223641 87.663227,-77.061393 -112.610938,-26.223182 -98.570821,42.528433 -63.513968,84.666825 71.101612,34.590354 110.722222,-17.009030 114.292374,-68.142286 122.170386,-60.329591 -73.110764,-9.042593 -67.375103,59.588296 -30.684493,68.673300 133.972206,17.409009 142.071222,-34.160517 145.629300,-84.202570 -178.754455,-43.331552 -40.188945,8.171544 -36.289631,76.408187 8.195996,51.699644 168.650868,0.194835 173.183321,-51.223641 177.663227,-77.061393 -22.610938,-26.223182 -8.570821,25.375632 -5.103625,84.666825 161.101612,34.590354 -159.277778,-17.009030 -155.707626,-68.142286 -147.829614,-60.329591 16.889236,-9.042593 22.624897,42.528433 26.486032,68.673300 -136.027794,17.409009 -127.928778,-34.160517 -124.370700,-84.202570 -88.754455,-43.331552 49.811055,8.171544 53.710369,59.588296 59.315507
29.011830 -95.066674,79.848690 -76.598955,48.086294 78.947188,-3.448959 83.160619,-54.820205 88.037767,-73.572664 -109.309681,-22.591506 -98.547486,46.148888 -63.320649,81.631231 87.769806,30.958401 110.793231,-20.645056 114.295549,-71.685802 123.842615,-56.743912 -72.531284,-5.400336 -67.394414,63.180174 -29.945379,65.099839 135.196838,13.766725 142.066042,-37.780700 145.724846,-86.291925 -142.129627,-39.718039 -40.035418,11.815342 -36.305414,79.848690 13.401045,48.086294 168.947188,-3.448959 173.160619,-54.820205 178.037767,-73.572664 -19.309681,-22.591506 -8.547486,29.011830 -5.066674,81.631231 177.769806,30.958401 -159.206769,-20.645056 -155.704451,-71.685802 -146.157385,-56.743912 17.468716,-5.400336 22.605586,46.148888 26.679351,65.099839 -134.803162,13.766725 -127.933958,-37.780700 -124.275154,-86.291925 -52.129627,-39.718039 49.964582,11.815342 53.694586,63.180174 60.054621
32.645357 -95.008865,83.109710 -66.118269,44.468175 79.171857,-7.091864 83.139623,-58.410007 88.534038,-70.043117 -107.230135,-18.956904 -98.538094,49.764864 -63.065074,78.264006 95.162447,27.323590 110.840784,-24.278341 114.311016,-75.199480 126.393739,-53.150841 -72.096257,-1.756966 -67.416433,66.761172 -28.926793,61.513366 136.071592,10.123346 142.053367,-41.396627 145.855779,-85.555300 -90.923417,-36.100096 -39.921922,15.458263 -36.314892,83.109710 23.881731,44.468175 169.171857,-7.091864 173.139623,-58.410007 178.534038,-70.043117 -17.230135,-18.956904 -8.538094,32.645357 -5.008865,78.264006 -174.837553,27.323590 -159.159216,-24.278341 -155.688984,-75.199480 -143.606261,-53.150841 17.903743,-1.756966 22.583567,49.764864 26.934926,61.513366 -133.928408,10.123346 -127.946633,-41.396627 -124.144221,-85.555300 -0.923417,-36.100096 50.078078,15.458263 53.685108,66.761172 61.073207
36.275865 -94.925082,85.757495 -40.037463,40.845801 79.341192,-10.733463 83.122222,-61.991730 89.199162,-66.490080 -105.828262,-15.319729 -98.539672,53.375782 -62.728196,74.782967 99.142315,23.686271 110.869504,-27.908545 114.341988,-78.657561 130.620685,-49.551446 -71.766898,1.887097 -67.439303,70.326669 -27.477067,57.917406 136.713495,6.479282 142.035368,-45.007965 146.031364,-82.814644 -67.318258,-32.478043 -39.840287,19.099901 -36.315785,85.757495 49.962537,40.845801 169.341192,-10.733463 173.122222,-61.991730 179.199162,-66.490080 -15.828262,-15.319729 -8.539672,36.275865 -4.925082,74.782967 -170.857685,23.686271 -159.130496,-27.908545 -155.658012,-78.657561 -139.379315,-49.551446 18.233102,1.887097 22.560697,53.375782 27.271804,57.917406 -133.286505,6.479282 -127.964632,-45.007965 -123.968636,-82.814644 22.681742,-32.478043 50.159713,19.099901 53.684215,70.326669 62.522933
39.903006 -94.808851,86.178109 12.680291,37.219595 79.467140,-14.373351 83.110424,-65.563236 90.107418,-62.921748 -104.839246,-11.680351 -98.549662,56.980847 -62.282816,71.250554 101.568120,20.046805 110.883166,-31.535339 114.392327,-81.990007 138.596155,-45.946448 -71.516919,5.531428 -67.461195,73.867846 -25.313687,54.314034 137.193010,2.834951 142.014033,-48.614329 146.263967,-79.541266 -57.624744,-28.852187 -39.784176,22.739865 -36.305503,86.178109 102.680291,37.219595 169.467140,-14.373351 173.110424,-65.563236 -179.892582,-62.921748 -14.839246,-11.680351 -8.549662,39.903006 -4.808851,71.250554 -168.431880,20.046805 -159.116834,-31.535339 -155.607673,-81.990007 -131.403845,-45.946448 18.483081,5.531428 22.538805,56.980847 27.717184,54.314034 -132.806990,2.834951 -127.985967,-48.614329 -123.736033,-79.541266 32.375256,-28.852187 50.215824,22.739865 53.694497,73.867846 64.686313
43.526414 -94.651811,83.892719 46.148101,33.589929 79.558674,-18.011136 83.106425,-69.120828 91.382977,-59.342431 -104.119517,-8.039158 -98.565805,60.578895 -61.688640,67.690278 103.168392,16.405565 110.884916,-35.158411 114.466774,-84.944699 156.965296,-42.336364 -71.327848,9.175602 -67.480248,77.365863 -21.848412,50.704550 137.555071,-0.809223 141.991241,-52.215240 146.570528,-76.105880 -52.713286,-25.222840 -39.748570,26.377778 -36.281033,83.892719 136.148101,33.589929 169.558674,-18.011136 173.106425,-69.120828 -178.617023,-59.342431 -14.119517,-8.039158 -8.565805,43.526414 -4.651811,67.690278 -166.831608,16.405565 -159.115084,-35.158411 -155.533226,-84.944699 -113.034704,-42.336364 18.672152,9.175602 22.519752,60.578895 28.311360,50.704550 -132.444929,-0.809223 -128.008759,-52.215240 -123.429472,-76.105880 37.286714,-25.222840 50.251430,26.377778 53.718967,77.365863 68.151588
47.145685 -94.442896,80.721904 59.166397,29.957154 79.622699,-21.646441 83.112697,-72.657634 93.249634,-55.754579 -103.584701,-4.396553 -98.586052,64.168099 -60.883300,64.112752 104.280890,12.762939 110.877441,-38.777453 114.571283,-86.419074 -157.865521,-38.721597 -71.186298,12.819199 -67.494508,80.773339 -15.652312,47.089827 137.829692,-4.452813 141.968824,-55.810042 146.974954,-72.603231 -49.831416,-21.590323 -39.729402,30.013275 -36.238784,80.721904 149.166397,29.957154 169.622699,-21.646441 173.112697,-72.657634 -176.750366,-55.754579 -13.584701,-4.396553 -8.586052,47.145685 -4.442896,64.112752 -165.719110,12.762939 -159.122559,-38.777453 -155.428717,-86.419074 -67.865521,-38.721597 18.813702,12.819199 22.505492,64.168099 29.116700,47.089827 -132.170308,-4.452813 -128.031176,-55.810042 -123.025046,-72.603231 40.168584,-21.590323 50.270598,30.013275 53.761216,80.773339 74.347688
50.760332 -94.167102,77.312345 65.300228,26.321617 79.664642,-25.278911 83.132091,-76.159570 96.152980,-52.159677 -103.182017,-0.752950 -98.608488,67.745408 -59.764881,60.523393 105.082328,9.119330 110.863091,-42.392150 114.713483,-84.905344 -113.142492,-35.102491 -71.082307,16.461806 -67.501859,83.937811 -2.458647,43.470490 138.037703,-8.095400 141.948626,-59.397775 147.512164,-69.066024 -47.976445,-17.954977 -39.723310,33.646005 -36.174379,77.312345 155.300228,26.321617 169.664642,-25.278911 173.132091,-76.159570 -173.847020,-52.159677 -13.182017,-0.752950 -8.608488,50.760332 -4.167102,60.523393 -164.917672,9.119330 -159.136909,-42.392150 -155.286517,-84.905344 -23.142492,-35.102491 18.917693,16.461806 22.498141,67.745408 30.235119,43.470490 -131.962297,-8.095400 -128.051374,-59.397775 -122.487836,-69.066024 42.023555,-17.954977 50.276690,33.646005 53.825621,83.937811 87.541353
54.369728 -93.803484,73.813420 68.737952,22.683670 79.688867,-28.908207 83.167982,-79.593447 101.109864,-48.558678 -102.876758,2.891229 -98.631272,71.305353 -58.155022,56.925225 105.673805,5.475150 110.843980,-46.002159 114.903383,-81.940282 -95.039238,-31.479359 -71.008273,20.103022 -67.499947,86.197245 31.487367,39.847021 138.194038,-11.736567 141.932562,-62.976944 148.235304,-65.508176 -46.707904,-14.317157 -39.727447,37.275620 -36.082370,73.813420 158.737952,22.683670 169.688867,-28.908207 173.167982,-79.593447 -168.890136,-48.558678 -12.876758,2.891229 -8.631272,54.369728 -3.803484,56.925225 -164.326195,5.475150 -159.156020,-46.002159 -155.096617,-81.940282 -5.039238,-31.479359 18.991727,20.103022 22.500053,71.305353 31.844978,39.847021 -131.805962,-11.736567 -128.067438,-62.976944 -121.764696,-65.508176 43.292096,-14.317157 50.272553,37.275620 53.917630,86.197245 121.487367
57.972998 -93.321852,70.271762 70.887004,19.043676 79.698955,-32.534007 83.224445,-82.862745 110.920854,-44.952233 -102.645150,6.535559 -98.652570,74.837203 -55.712281,53.320062 106.117246,1.830820 110.822059,-49.607075 115.154431,-78.604829 -87.152094,-27.852510 -70.958268,23.742458 -67.486078,85.727326 84.049069,36.219825 138.309710,-15.375914 141.922684,-66.545079 149.229398,-61.936489 -45.804175,-10.677239 -39.739347,40.901770 -35.955827,70.271762 160.887004,19.043676 169.698955,-32.534007 173.224445,-82.862745 -159.079146,-44.952233 -12.645150,6.535559 -8.652570,57.972998 -3.321852,53.320062 -163.882754,1.830820 -159.177941,-49.607075 -154.845569,-78.604829 2.847906,-27.852510 19.041732,23.742458 22.513922,74.837203 34.287719,36.219825 -131.690290,-15.375914 -128.077316,-66.545079 -120.770602,-61.936489 44.195825,-10.677239 50.260653,40.901770 54.044173,85.727326 174.049069
61.568829 -92.676975,66.705974 72.328399,15.402015 79.697911,-36.155999 83.306521,-85.587973 134.884841,-41.340821 -102.470339,10.179616 -98.670503,78.317125 -51.698562,49.709060 106.452687,-1.813236 110.799188,-53.206377 115.485197,-75.145545 -82.961468,-24.222257 -70.927562,27.379741 -67.457097,83.061998 109.738031,32.589268 138.393047,-19.013053 141.921254,-70.097830 150.639282,-58.354628 -45.142133,-7.035617 -39.756818,44.524082 -35.785737,66.705974 162.328399,15.402015 169.697911,-36.155999 173.306521,-85.587973 -135.115159,-41.340821 -12.470339,10.179616 -8.670503,61.568829 -2.676975,49.709060 -163.547313,-1.813236 -159.200812,-53.206377 -154.514803,-75.145545 7.038532,-24.222257 19.072438,27.379741 22.542903,78.317125 38.301438,32.589268 -131.606953,-19.013053 -128.078746,-70.097830 -119.360718,-58.354628 44.857867,-7.035617 50.243182,44.524082 54.214263,83.061998 -160.261969
65.155133 -91.797867,63.124780 73.341737,11.759078 79.688319,-39.773876 83.420567,-86.277115 -173.664607,-37.724826 -102.340016,13.822981 -98.683078,81.681612 -44.225022,46.093011 106.707173,-5.456591 110.777197,-56.799344 115.922119,-71.631267 -80.428290,-20.588926 -70.912308,31.014510 -67.409219,79.796472 120.089851,28.955697 138.450497,-22.647612 141.930838,-73.626913 152.732494,-54.764714 -44.648048,-3.392695 -39.777855,48.142131 -35.560100,63.124780 163.341737,11.759078 169.688319,-39.773876 173.420567,-86.277115 -83.664607,-37.724826 -12.340016,13.822981 -8.683078,65.155133 -1.797867,46.093011 -163.292827,-5.456591 -159.222803,-56.799344 -154.077881,-71.631267 9.571710,-20.588926 19.087692,31.014510 22.590781,81.681612 45.774978,28.955697 -131.549503,-22.647612 -128.069162,-73.626913 -117.267506,-54.764714 45.351952,-3.392695 50.222145,48.142131 54.439900,79.796472 -149.910149
68.728353 -90.566522,59.532758 74.077341,8.115270 79.672455,-43.387317 83.574789,-84.158791 -137.528670,-34.104580 -102.244957,17.465245 -98.688125,84.708023 -27.315799,42.472491 106.899649,-9.098828 110.757942,-60.384898 116.504230,-68.087400 -78.766130,-16.952861 -70.909300,34.646417 -67.337806,76.354350 125.246136,25.319460 138.487161,-26.279240 141.954415,-77.114782 156.059722,-51.168052 -44.275111,0.251109 -39.800570,51.755403 -35.262514,59.532758 164.077341,8.115270 169.672455,-43.387317 173.574789,-84.158791 -47.528670,-34.104580 -12.244957,17.465245 -8.688125,68.728353 -0.566522,42.472491 -163.100351,-9.098828 -159.242058,-60.384898 -153.495770,-68.087400 11.233870,-16.952861 19.090700,34.646417 22.662194,84.708023 62.684201,25.319460 -131.512839,-26.279240 -128.045585,-77.114782 -113.940278,-51.168052 45.724889,0.251109 50.199430,51.755403 54.737486,76.354350 -144.753864
72.281971 -88.771770,55.932517 74.622998,4.471006 79.652380,-46.995967 83.780015,-81.041537 -123.456019,-30.480393 -102.178077,21.106008 -98.683204,86.407887 15.372853,38.847957 107.043813,-12.739533 110.743371,-63.961331 117.291690,-64.525237 -77.614712,-13.314425 -70.915809,38.275113 -67.237049,72.840764 128.239815,21.680912 138.507160,-29.907604 141.995532,-80.517994 161.937110,-47.565497 -43.992169,3.895372 -39.823128,55.363213 -34.869897,55.932517 164.622998,4.471006 169.652380,-46.995967 173.780015,-81.041537 -33.456019,-30.480393 -12.178077,21.106008 -8.683204,72.281971 1.228230,38.847957 -162.956187,-12.739533 -159.256629,-63.961331 -152.708310,-64.525237 12.385288,-13.314425 19.084191,38.275113 22.762951,86.407887 105.372853,21.680912 -131.492840,-29.907604 -128.004468,-80.517994 -108.062890,-47.565497 46.007831,3.895372 50.176872,55.363213 55.130103,72.840764 -141.760185
75.802804 -85.997158,52.325648 75.033356,0.826709 79.630014,-50.599395 84.050903,-77.659738 -116.939581,-26.852574 -102.133819,24.744887 -98.665509,85.112776 62.639571,35.219800 107.149836,-16.378310 110.735584,-67.525775 118.382288,-60.950466 -76.787182,-9.673998 -70.929454,41.900244 -67.099514,69.291190 130.153722,18.040421 138.513901,-33.532385 142.058501,-83.700342 174.213337,-43.957641 -43.777666,7.539669 -39.843690,58.964588 -34.348638,52.325648 165.033356,0.826709 169.630014,-50.599395 174.050903,-77.659738 -26.939581,-26.852574 -12.133819,24.744887 -8.665509,75.802804 4.002842,35.219800 -162.850164,-16.378310 -159.264416,-67.525775 -151.617712,-60.950466 13.212818,-9.673998 19.070546,41.900244 22.900486,85.112776 152.639571,18.040421 -131.486099,-33.532385 -127.941499,-83.700342 -95.786663,-43.957641 46.222334,7.539669 50.156310,58.964588 55.651362,69.291190 -139.846278
79.260297 -81.304701,48.713189 75.344203,-2.817195 79.607203,-54.197035 84.407854,-74.181238 -113.329464,-23.221440 -102.107724,28.381513 -98.631731,82.192696 82.275971,31.588378 107.225462,-20.014774 110.736917,-71.073082 119.945998,-57.366218 -76.177350,-6.031976 -70.948101,45.521426 -66.915472,65.720523 131.456599,14.398369 138.510259,-37.153275 142.148684,-86.083401 -154.500437,-40.344931 -43.616189,11.183577 -39.860351,62.558049 -33.647785,48.713189 165.344203,-2.817195 169.607203,-54.197035 174.407854,-74.181238 -23.329464,-23.221440 -12.107724,28.381513 -8.631731,79.260297 8.695299,31.588378 -162.774538,-20.014774 -159.263083,-71.073082 -150.054002,-57.366218 13.822650,-6.031976 19.051899,45.521426 23.084528,82.192696 172.275971,14.398369 -131.489741,-37.153275 -127.851316,-86.083401 -64.500437,-40.344931 46.383811,11.183577 50.139649,62.558049 56.352215,65.720523 -138.543401
82.567531 -72.154826,45.095856 75.579975,-6.460284 79.585777,-57.788088 84.880190,-70.657129 -111.089124,-19.587320 -102.096141,32.015528 -98.577874,78.858925 90.652543,27.954038 107.276723,-23.648560 110.750038,-74.593189 122.305260,-53.774339 -75.720505,-2.388769 -70.969785,49.138216 -66.671879,62.135997 132.381840,10.755151 138.498722,-40.769963 142.272887,-85.893860 -101.477711,-36.727733 -43.496399,14.826679 -39.871079,66.141190 -32.686195,45.095856 165.579975,-6.460284 169.585777,-57.788088 174.880190,-70.657129 -21.089124,-19.587320 -12.096141,32.015528 -8.577874,82.567531 17.845174,27.954038 -162.723277,-23.648560 -159.249962,-74.593189 -147.694740,-53.774339 14.279495,-2.388769 19.030215,49.138216 23.328121,78.858925 -179.347457,10.755151 -131.501278,-40.769963 -127.727113,-85.893860 -11.477711,-36.727733 46.503601,14.826679 50.128921,66.141190 57.313805,62.135997 -137.618160
85.391259 -50.149330,41.474188 75.757948,-10.102140 79.567614,-61.371335 85.511677,-67.107418 -109.593674,-15.950565 -102.096011,35.646585 -98.499015,75.391246 95.036995,24.317128 107.308418,-27.279321 110.778066,-78.063978 126.148342,-50.175982 -75.374984,1.255204 -70.992639,52.750060 -66.350772,58.541505 133.058116,7.111175 138.481500,-44.382122 142.439945,-83.348064 -73.523010,-33.106370 -43.409737,18.468569 -39.873636,69.709845 -31.326468,41.474188 165.757948,-10.102140 169.567614,-61.371335 175.511677,-67.107418 -19.593674,-15.950565 -12.096011,35.646585 -8.499015,85.391259 39.850670,24.317128 -162.691582,-27.279321 -159.221934,-78.063978 -143.851658,-50.175982 14.625016,1.255204 19.007361,52.750060 23.649228,75.391246 -174.963005,7.111175 -131.518500,-44.382122 -127.560055,-83.348064 16.476990,-33.106370 46.590263,18.468569 50.126364,69.709845 58.673532,58.541505 -136.941884
86.349549 -0.094807,37.848619 75.890706,-13.742353 79.554693,-64.944820 86.370697,-63.541356 -108.545672,-12.311542 -102.104711,39.274335 -98.388949,71.865478 97.662769,20.678008 107.324450,-30.906729 110.824734,-81.427568 133.205457,-46.571914 -75.112741,4.899518 -71.014832,56.356211 -65.926641,54.939308 133.562025,3.466860 138.460606,-47.989380 142.661600,-80.125040 -62.390837,-29.481151 -43.349592,22.108851 -39.865494,73.256186 -29.316753,37.848619 165.890706,-13.742353 169.554693,-64.944820 176.370697,-63.541356 -18.545672,-12.311542 -12.104711,39.274335 -8.388949,86.349549 89.905193,20.678008 -162.675550,-30.906729 -159.175266,-81.427568 -136.794543,-46.571914 14.887259,4.899518 18.985168,56.356211 24.073359,71.865478 -172.337231,3.466860 -131.539394,-47.989380 -127.338400,-80.125040 27.609163,-29.481151 46.650408,22.108851 50.134506,73.256186 60.683247,54.939308 -136.437975
84.387989 38.870041,34.219527 75.987664,-17.380530 79.549174,-68.505197 87.570286,-59.963731 -107.786487,-8.670635 -102.119939,42.898418 -98.239688,68.309056 99.375279,17.037048 107.328061,-34.530469 110.894614,-84.486793 148.843145,-42.962680 -74.914185,8.543750 -71.034514,59.955583 -65.361958,51.330812 133.941975,-0.177371 138.437934,-51.591277 142.953859,-76.707814 -56.933408,-25.852387 -43.310744,25.747146 -39.843724,76.763856 -26.144018,34.219527 165.987664,-17.380530 169.549174,-68.505197 177.570286,-59.963731 -17.786487,-8.670635 -12.119939,42.898418 -8.239688,84.387989 128.870041,17.037048 -162.671939,-34.530469 -159.105386,-84.486793 -121.156855,-42.962680 15.085815,8.543750 18.965486,59.955583 24.638042,68.309056 -170.624721,-0.177371 -131.562066,-51.591277 -127.046141,-76.707814 33.066592,-25.852387 46.689256,25.747146 50.156276,76.763856 63.855982,51.330812 -136.058025
81.296345 54.048067,30.587266 76.056034,-21.016291 79.553472,-72.046331 89.311236,-56.377233 -107.224053,-5.028246 -102.139614,46.518438 -98.040713,64.734037 100.556692,13.394634 107.322009,-38.150232 110.993418,-86.369956 -171.283091,-39.348700 -74.765189,12.187477 -71.049751,63.546494 -64.599108,47.716948 134.230060,-3.821093 138.415322,-55.187196 143.339190,-73.213619 -53.796995,-22.220396 -43.288984,29.383087 -39.804846,80.193075 -20.599497,30.587266 166.056034,-21.016291 169.553472,-72.046331 179.311236,-56.377233 -17.224053,-5.028246 -12.139614,46.518438 -8.040713,81.296345 144.048067,13.394634 -162.677991,-38.150232 -159.006582,-86.369956 -81.283091,-39.348700 15.234811,12.187477 18.950249,63.546494 25.400892,64.734037 -169.443308,-3.821093 -131.584678,-55.187196 -126.660810,-73.213619 36.203005,-22.220396 46.711016,29.383087 50.195154,80.193075 69.400503,47.716948 -135.769940
77.912060 60.935206,26.952183 76.101468,-24.649278 79.570366,-75.555892 91.985619,-52.783474 -106.801337,-1.384786 -102.161804,50.133927 -97.777817,61.146466 101.403327,9.751166 107.308695,-41.765706 111.128443,-85.328312 -122.052580,-35.730323 -74.655286,15.830285 -71.058461,67.126167 -63.544910,44.098373 134.448416,-7.463884 138.394605,-58.776242 143.850205,-69.681102 -51.804823,-18.585515 -43.280841,33.016321 -39.744639,83.422086 -9.209146,26.952183 166.101468,-24.649278 169.570366,-75.555892 -178.014381,-52.783474 -16.801337,-1.384786 -12.161804,50.133927 -7.777817,77.912060 150.935206,9.751166 -162.691305,-41.765706 -158.871557,-85.328312 -32.052580,-35.730323 15.344714,15.830285 18.941539,67.126167 26.455090,61.146466 -168.596673,-7.463884 -131.605395,-58.776242 -126.149795,-69.681102 38.195177,-18.585515 46.719159,33.016321 50.255361,83.422086 80.790854,44.098373 -135.551584
74.423956 64.700962,23.314628 76.128490,-28.279147 79.603127,-79.005633 96.464322,-49.183478 -106.481131,2.259324 -102.184658,53.744288 -97.431276,57.549671 102.025962,6.107055 107.290266,-45.376554 111.309222,-82.493908 -100.681623,-32.107867 -74.576522,19.471771 -71.058337,70.689687 -62.038425,40.475589 134.612831,-11.105327 138.377682,-62.357039 144.536153,-66.126218 -50.454448,-14.948097 -43.283390,36.646502 -39.657864,85.943354 19.603052,23.314628 166.128490,-28.279147 169.603127,-79.005633 -173.535678,-49.183478 -16.481131,2.259324 -12.184658,53.744288 -7.431276,74.423956 154.700962,6.107055 -162.709734,-45.376554 -158.690778,-82.493908 -10.681623,-32.107867 15.423478,19.471771 18.941663,70.689687 27.961575,57.549671 -167.974038,-11.105327 -131.622318,-62.357039 -125.463847,-66.126218 39.545552,-14.948097 46.716610,36.646502 50.342136,85.943354 109.603052,40.475589 -135.387169
70.887942 67.018734,19.674963 76.140799,-31.905576 79.655693,-82.316881 105.060028,-45.577940 -106.238117,5.903658 -102.206347,57.348698 -96.972826,53.945624 102.491733,2.462720 107.268697,-48.982386 111.548508,-79.195282 -91.718547,-28.481640 -74.522718,23.111543 -71.046753,74.227580 -59.776892,36.849013 134.734893,-14.745018 138.366576,-65.927329 145.475086,-62.556608 -49.498196,-11.308516 -43.294108,40.273279 -39.537887,86.034082 72.918372,19.674963 166.140799,-31.905576 169.655693,-82.316881 -164.939972,-45.577940 -16.238117,5.903658 -12.206347,57.348698 -6.972826,70.887942 157.018734,2.462720 -162.731303,-48.982386 -158.451492,-79.195282 -1.718547,-28.481640 15.477282,23.111543 18.953247,74.227580 30.223108,53.945624 -167.508267,-14.745018 -131.633424,-65.927329 -124.524914,-62.556608 40.501804,-11.308516 46.705892,40.273279 50.462113,86.034082 162.918372,36.849013 -135.265107
67.325541 68.557495,16.033563 76.141490,-35.528250 79.732914,-85.196937 125.309608,-41.967360 -106.054445,9.547793 -102.225002,60.945941 -96.360429,50.335570 102.843677,-1.181413 107.245860,-52.582707 111.863823,-75.750399 -87.093293,-24.851954 -74.488963,26.749225 -71.020643,77.719319 -56.121345,33.219014 134.823330,-18.382566 138.363507,-69.483190 146.798378,-58.976328 -48.800536,-7.667160 -43.310761,43.896284 -39.376110,83.590237 103.320824,16.033563 166.141490,-35.528250 169.732914,-85.196937 -144.690392,-41.967360 -16.054445,9.547793 -12.225002,60.945941 -6.360429,67.325541 158.557495,-1.181413 -162.754140,-52.582707 -158.136177,-75.750399 2.906707,-24.851954 15.511037,26.749225 18.979357,77.719319 33.878655,50.335570 -167.156323,-18.382566 -131.636493,-69.483190 -123.201622,-58.976328 41.199464,-7.667160 46.689239,43.896284 50.623890,83.590237 -166.679176,33.219014 -135.176670
63.746613 69.631831,12.390819 76.133210,-39.146863 79.840889,-86.397453 173.225263,-38.352135 -105.917142,13.191308 -102.238656,64.534098 -95.528681,46.720350 103.110659,-4.824920 107.223585,-56.176837 112.279975,-72.243201 -84.348043,-21.219133 -74.471275,30.384455 -70.976347,81.112212 -49.490183,29.585940 134.884872,-22.017598 138.370981,-73.017263 148.744919,-55.387700 -48.281253,-4.024434 -43.331318,47.515106 -39.161133,80.380483 115.253601,12.390819 166.133210,-39.146863 169.840889,-86.397453 -96.774737,-38.352135 -15.917142,13.191308 -12.238656,64.534098 -5.528681,63.746613 159.631831,-4.824920 -162.776415,-56.176837 -157.720025,-72.243201 5.651957,-21.219133 15.528725,30.384455 19.023653,81.112212 40.509817,46.720350 -166.889341,-22.017598 -131.629019,-73.017263 -121.255081,-55.387700 41.718747,-4.024434 46.668682,47.515106 50.838867,80.380483 -154.746399,29.585940 -135.115128
60.156242 70.408048,8.747132 76.118281,-42.761098 79.987455,-84.637830 -145.143704,-34.732603 -105.816526,16.833791 -102.245174,68.109942 -94.370043,43.100570 103.312786,-8.467381 107.203719,-59.763776 112.833342,-68.703419 -82.567920,-17.583517 -74.466350,34.016883 -70.909394,84.231351 -35.054964,25.950141 134.924820,-25.649759 138.391895,-76.514287 151.796089,-51.792137 -47.889884,-0.380753 -43.353873,51.129249 -38.877452,76.957885 120.996888,8.747132 166.118281,-42.761098 169.987455,-84.637830 -55.143704,-34.732603 -15.816526,16.833791 -12.245174,68.109942 -4.370043,60.156242 160.408048,-8.467381 -162.796281,-59.763776 -157.166658,-68.703419 7.432080,-17.583517 15.533650,34.016883 19.090606,84.231351 54.945036,43.100570 -166.687214,-25.649759 -131.608105,-76.514287 -118.203911,-51.792137 42.110116,-0.380753 46.646127,51.129249 51.122548,76.957885 -149.003112,25.950141 -135.075180
56.557291 70.982033,5.102917 76.098795,-46.370606 80.182913,-81.609552 -128.685527,-31.109078 -105.745195,20.474843 -102.242170,71.667640 -92.694788,39.476703 103.464516,-12.108381 107.188190,-63.341954 113.579543,-65.143918 -81.344542,-13.945465 -74.471388,37.646161 -70.814204,86.305064 2.120176,22.311968 134.947448,-29.278712 138.429686,-79.937662 157.068849,-48.190556 -47.593096,3.263461 -43.376589,54.738065 -38.503361,73.453194 124.259881,5.102917 166.098795,-46.370606 170.182913,-81.609552 -38.685527,-31.109078 -15.745195,20.474843 -12.242170,71.667640 -2.694788,56.557291 160.982033,-12.108381 -162.811810,-63.341954 -156.420457,-65.143918 8.655458,-13.945465 15.528612,37.646161 19.185796,86.305064 92.120176,39.476703 -166.535484,-29.278712 -131.570314,-79.937662 -112.931151,-48.190556 42.406904,3.263461 46.623411,54.738065 51.496639,73.453194 -145.740119,22.311968 -135.052552
52.951486 71.412879,1.458596 76.076693,-49.974975 80.441147,-78.255386 -121.349674,-27.481866 -105.697360,24.114076 -102.226912,75.195624 -90.135796,35.849148 103.576540,-15.747520 107.179067,-66.908761 114.608078,-61.571059 -80.470049,-10.305355 -74.483954,41.271936 -70.683668,85.515417 53.240738,18.671787 134.956269,-32.904137 138.488516,-83.178039 167.708012,-44.583584 -47.367971,6.907783 -43.397632,58.340645 -38.007454,69.908462 126.317376,1.458596 166.076693,-49.974975 170.441147,-78.255386 -31.349674,-27.481866 -15.697360,24.114076 -12.226912,75.195624 -0.135796,52.951486 161.412879,-15.747520 -162.820933,-66.908761 -155.391922,-61.571059 9.529951,-10.305355 15.516046,41.271936 19.316332,85.515417 143.240738,35.849148 -166.423460,-32.904137 -131.511484,-83.178039 -102.291988,-44.583584 42.632029,6.907783 46.602368,58.340645 51.992546,69.908462 -143.682624,18.671787 -135.043731
49.339937 71.738977,-2.185407 76.053828,-53.573668 80.781377,-74.788503 -117.388580,-23.851283 -105.668397,27.751118 -102.196187,78.667807 -85.887646,32.218267 103.656963,-19.384411 107.178639,-70.459570 116.072521,-57.988296 -79.827962,-6.663581 -74.501879,44.893833 -70.508516,82.743526 76.480559,15.029977 134.954239,-36.525723 138.573539,-85.791991 -165.813626,-40.971688 -47.198207,10.551788 -43.415111,61.935617 -37.342479,66.340797 127.705240,-2.185407 166.053828,-53.573668 170.781377,-74.788503 -27.388580,-23.851283 -15.668397,27.751118 -12.196187,78.667807 4.112354,49.339937 161.738977,-19.384411 -162.821361,-70.459570 -153.927479,-57.988296 10.172038,-6.663581 15.498121,44.893833 19.491484,82.743526 166.480559,32.218267 -166.343037,-36.525723 -131.426461,-85.791991 -75.813626,-40.971688 42.801793,10.551788 46.584889,61.935617 52.657521,66.340797 -142.294760,15.029977 -135.045761
45.723407 71.986367,-5.828668 76.032030,-57.165935 81.231069,-71.270394 -114.969809,-20.217657 -105.654532,31.385611 -102.146135,82.013026 -77.846668,28.584408 103.712076,-23.018687 107.189507,-73.985487 118.259294,-54.397643 -79.348068,-3.020550 -74.523172,48.511420 -70.276373,79.450169 86.032166,11.386932 134.943907,-40.143162 138.691276,-86.160324 -113.146251,-37.355244 -47.071867,14.195060 -43.427021,65.520781 -36.433881,62.758332 128.684720,-5.828668 166.032030,-57.165935 171.231069,-71.270394 -24.969809,-20.217657 -15.654532,31.385611 -12.146135,82.013026 12.153332,45.723407 161.986367,-23.018687 -162.810493,-73.985487 -151.740706,-54.397643 10.651932,-3.020550 15.476828,48.511420 19.723627,79.450169 176.032166,28.584408 -166.287924,-40.143162 -131.308724,-86.160324 -23.146251,-37.355244 42.928133,14.195060 46.572979,65.520781 53.566119,62.758332 -141.315280,11.386932 -135.056093
42.102458 72.173351,-9.470767 76.013162,-60.750650 81.830931,-67.724274 -113.372231,-16.581333 -105.652614,35.017205 -102.072014,84.973429 -59.230575,24.947918 103.746862,-26.649997 107.214701,-77.467420 121.765730,-50.800346 -78.985553,0.623321 -74.545955,52.124169 -69.970278,75.997871 90.881547,7.743058 134.927521,-43.756132 138.850157,-83.864431 -80.186286,-33.734581 -46.979981,17.837188 -43.431166,69.092369 -35.156890,59.165373 129.397619,-9.470767 166.013162,-60.750650 171.830931,-67.724274 -23.372231,-16.581333 -15.652614,35.017205 -12.072014,84.973429 30.769425,42.102458 162.173351,-26.649997 -162.785299,-77.467420 -148.234270,-50.800346 11.014447,0.623321 15.454045,52.124169 20.029722,75.997871 -179.118453,24.947918 -166.253138,-43.756132 -131.149843,-83.864431 9.813714,-33.734581 43.020019,17.837188 46.568834,69.092369 54.843110,59.165373 -140.602381,7.743058 -135.072479
38.477537 72.313201,-13.111293 75.999184,-64.326016 82.644019,-64.160621 -112.260630,-12.942676 -105.659956,38.645554 -101.967873,86.418250 -13.495943,21.309155 103.765362,-30.278009 107.257837,-80.857155 128.045699,-47.197224 -78.710465,4.267607 -74.568394,55.731372 -69.566287,72.479513 93.730933,4.098772 134.907126,-47.364269 139.061340,-80.703589 -67.311826,-30.110009 -46.915645,21.477776 -43.425077,72.643410 -33.286284,55.564394 129.927352,-13.111293 165.999184,-64.326016 172.644019,-64.160621 -22.260630,-12.942676 -15.659956,38.645554 -11.967873,86.418250 76.504057,38.477537 162.313201,-30.278009 -162.742163,-80.857155 -141.954301,-47.197224 11.289535,4.267607 15.431606,55.731372 20.433713,72.479513 -176.269067,21.309155 -166.234638,-47.364269 -130.938660,-80.703589 22.688174,-30.110009 43.084355,21.477776 46.574923,72.643410 56.713716,55.564394 -140.072648,4.098772 -135.092874
34.849030 72.415797,-16.749851 75.992216,-67.889001 83.773454,-60.584767 -111.459293,-9.302068 -105.674206,42.270300 -101.826080,84.854629 30.889487,17.668487 103.770917,-33.902407 107.323320,-83.998942 141.446338,-43.588854 -78.502003,7.911883 -74.588647,59.332019 -69.029399,68.927287 95.566604,0.454495 134.884630,-50.967135 139.339964,-77.307579 -61.219103,-26.481836 -46.873431,25.116442 -43.405901,76.159643 -30.372681,51.956914 130.326141,-16.749851 165.992216,-67.889001 173.773454,-60.584767 -21.459293,-9.302068 -15.674206,42.270300 -11.826080,84.854629 120.889487,34.849030 162.415797,-33.902407 -162.676680,-83.998942 -128.553662,-43.588854 11.497997,7.911883 15.411353,59.332019 20.970601,68.927287 -174.433396,17.668487 -166.229083,-50.967135 -130.660036,-77.307579 28.780897,-26.481836 43.126569,25.116442 46.594099,76.159643 59.627319,51.956914 -139.673859,0.454495 -135.115370
31.217294 72.488682,-20.386058 75.994625,-71.434112 85.399898,-56.999670 -110.867560,-5.659906 -105.693252,45.891055 -101.636622,81.863107 48.706536,14.026297 103.766360,-37.522881 107.416636,-86.217268 175.831858,-39.975670 -78.345249,11.555728 -74.604798,62.924556 -68.306309,65.354950 96.822621,-3.189345 134.861876,-54.564144 139.707167,-73.822901 -57.795585,-22.850381 -46.848974,28.752817 -43.370268,79.607436 -25.387375,48.343927 130.628346,-20.386058 165.994625,-71.434112 175.399898,-56.999670 -20.867560,-5.659906 -15.693252,45.891055 -11.636622,81.863107 138.706536,31.217294 162.488682,-37.522881 -162.583364,-86.217268 -94.168142,-39.975670 11.654751,11.555728 15.395202,62.924556 21.693691,65.354950 -173.177379,14.026297 -166.233640,-54.564144 -130.292833,-73.822901 32.204415,-22.850381 43.151026,28.752817 46.629732,79.607436 64.612625,48.343927 -139.371654,-3.189345 -135.138124
27.582675 72.537742,-24.019550 76.009117,-74.950512 87.869655,-53.407084 -110.423711,-2.016602 -105.715140,49.507368 -101.386037,78.508891 56.482966,10.382982 103.754146,-41.139122 107.544771,-85.702144 -131.964427,-36.358032 -78.229196,15.198725 -74.614798,66.506450 -67.311655,61.769265 97.717690,-6.832327 134.840697,-58.154464 140.193440,-70.295525 -55.651946,-19.215977 -46.838693,32.386546 -43.314102,82.888581 -15.483697,44.726130 130.857517,-24.019550 166.009117,-74.950512 177.869655,-53.407084 -20.423711,-2.016602 -15.715140,49.507368 -11.386037,78.508891 146.482966,27.582675 162.537742,-41.139122 -162.455229,-85.702144 -41.964427,-36.358032 11.770804,15.198725 15.385202,66.506450 22.688345,61.769265 -172.282310,10.382982 -166.245854,-58.154464 -129.806560,-70.295525 34.348054,-19.215977 43.161307,32.386546 46.685898,82.888581 74.516303,44.726130 -139.142483,-6.832327 -135.159303
23.945523 72.567671,-27.649984 76.038865,-78.414023 91.932609,-49.808113 -110.087808,1.627426 -105.738010,53.118669 -101.055735,75.033120 60.622463,6.738953 103.736458,-44.750799 107.716809,-83.035663 -106.656855,-32.736261 -78.145518,18.840468 -74.616383,70.073274 -65.899844,58.173900 98.373458,-10.474033 134.822976,-61.736821 140.844487,-66.743825 -54.212592,-15.578973 -46.839579,36.017281 -43.232365,85.614108 8.836282,41.104044 131.030358,-27.649984 166.038865,-78.414023 -178.067391,-49.808113 -20.087808,1.627426 -15.738010,53.118669 -11.055735,75.033120 150.622463,23.945523 162.567671,-44.750799 -162.283191,-83.035663 -16.656855,-32.736261 11.854482,18.840468 15.383617,70.073274 24.100156,58.173900 -171.626542,6.738953 -166.263542,-61.736821 -129.155513,-66.743825 35.787408,-15.578973 43.160421,36.017281 46.767635,85.614108 98.836282,41.104044 -138.969642,-10.474033 -135.177024
20.306198 72.582295,-31.277032 76.087679,-81.759948 99.511635,-46.203496 -109.832857,5.271752 -105.760033,56.724184 -100.619226,71.503353 63.127797,3.094627 103.715297,-48.357532 107.944853,-79.781737 -96.404684,-29.110666 -78.087768,22.480564 -74.606992,73.616633 -63.801499,54.571006 98.862831,-14.114057 134.810708,-65.309152 141.732090,-63.176410 -53.199865,-11.939739 -46.849047,39.644673 -43.118697,86.260281 60.696239,37.478099 131.159071,-31.277032 166.087679,-81.759948 -170.488365,-46.203496 -19.832857,5.271752 -15.760033,56.724184 -10.619226,71.503353 153.127797,20.306198 162.582295,-48.357532 -162.055147,-79.781737 -6.404684,-29.110666 11.912232,22.480564 15.393008,73.616633 26.198501,54.571006 -171.137169,3.094627 -166.284703,-65.309152 -128.267910,-63.176410 36.800135,-11.939739 43.150953,39.644673 46.881303,86.260281 150.696239,37.478099 -138.840929,-14.114057 -135.189292
16.665071 72.584800,-34.900379 76.160228,-84.760666 116.692118,-42.593760 -109.639937,8.915951 -105.779351,60.322783 -100.037384,67.944622 64.772955,-0.549572 103.692548,-51.958851 108.245453,-76.353483 -91.278603,-25.481557 -78.050845,26.118635 -74.583644,77.118761 -60.460832,50.961925 99.232132,-17.752004 134.806076,-68.867912 142.975687,-59.597779 -52.464234,-8.298662 -46.864821,43.268361 -42.964893,84.099258 96.395068,33.848667 131.252809,-34.900379 166.160228,-84.760666 -153.307882,-42.593760 -19.639937,8.915951 -15.779351,60.322783 -10.037384,67.944622 154.772955,16.665071 162.584800,-51.958851 -161.754547,-76.353483 -1.278603,-25.481557 11.949155,26.118635 15.416356,77.118761 29.539168,50.961925 -170.767868,-0.549572 -166.307452,-68.867912 -127.024313,-59.597779 37.535766,-8.298662 43.135179,43.268361 47.035107,84.099258 -173.604932,33.848667 -138.747191,-17.752004 -135.193924
13.022531 72.577901,-38.519718 76.262365,-86.411900 159.751566,-38.979315 -109.495365,12.559603 -105.794020,63.912698 -99.249851,64.368106 65.913121,-4.193218 103.670044,-55.554115 108.641912,-72.854190 -88.295753,-21.849256 -78.030624,29.754316 -74.542796,80.535599 -54.544868,47.347553 99.512209,-21.387498 134.811527,-72.406542 144.789240,-56.010478 -51.918264,-4.656144 -46.884840,46.887941 -42.760116,80.958801 110.249052,30.216102 131.318599,-38.519718 166.262365,-86.411900 -110.248434,-38.979315 -19.495365,12.559603 -15.794020,63.912698 -9.249851,64.368106 155.913121,13.022531 162.577901,-55.554115 -161.358088,-72.854190 1.704247,-21.849256 11.969376,29.754316 15.457204,80.535599 35.455132,47.347553 -170.487791,-4.193218 -166.329956,-72.406542 -125.210760,-56.010478 38.081736,-4.656144 43.115160,46.887941 47.239884,80.958801 -159.750948,30.216102 -138.681401,-21.387498 -135.188473
9.378978 72.563970,-42.134736 76.401582,-85.084326 -153.530085,-35.360507 -109.388972,16.202294 -105.801938,67.490997 -98.158420,60.779471 66.732759,-7.835890 103.649626,-59.142393 109.168174,-69.318859 -86.386012,-18.214099 -78.023699,33.387254 -74.480136,83.728315 -42.135268,43.728527 99.724417,-25.020181 134.829881,-75.911714 147.595314,-52.416042 -51.507476,-1.012599 -46.907182,50.502936 -42.489695,77.559115 116.677745,26.580750 131.361961,-42.134736 166.401582,-85.084326 -63.530085,-35.360507 -19.388972,16.202294 -15.801938,67.490997 -8.158420,60.779471 156.732759,9.378978 162.563970,-59.142393 -160.831826,-69.318859 3.613988,-18.214099 11.976301,33.387254 15.519864,83.728315 47.864732,43.728527 -170.275583,-7.835890 -166.350374,-75.911714 -122.404686,-52.416042 38.492524,-1.012599 43.092818,50.502936 47.510305,77.559115 -153.322255,26.580750 -138.638039,-25.020181 -135.170119
5.734825 72.545132,-45.745091 76.587686,-82.169066 -134.160201,-31.737651 -109.313017,19.843622 -105.800770,71.052446 -96.592160,57.181860 67.336811,-11.477172 103.633202,-62.722239 109.875740,-65.762204 -85.084657,-14.576443 -78.027193,37.017103 -74.390302,86.103074 -10.365258,40.105338 99.884031,-28.649714 134.864471,-79.352390 152.347391,-48.815453 -51.196163,2.631553 -46.930001,54.112732 -42.133199,74.064470 120.245219,22.942963 131.387322,-45.745091 166.587686,-82.169066 -44.160201,-31.737651 -19.313017,19.843622 -15.800770,71.052446 -6.592160,57.181860 157.336811,5.734825 162.545132,-62.722239 -160.124260,-65.762204 4.915343,-14.576443 11.972807,37.017103 15.609698,86.103074 79.634742,40.105338 -170.115969,-11.477172 -166.366798,-79.352390 -117.652609,-48.815453 38.803837,2.631553 43.069999,54.112732 47.866801,74.064470 -149.754781,22.942963 -138.612678,-28.649714 -135.135529
2.090492 72.523349,-49.350386 76.833836,-78.847913 -125.853809,-28.111057 -109.261467,23.483198 -105.787851,74.586854 -94.226229,53.577151 67.789281,-15.116662 103.622811,-66.291274 110.846679,-62.191358 -84.159799,-10.936662 -78.038616,40.643512 -74.266489,85.862092 42.773827,36.478396 100.002298,-32.275773 134.919315,-82.639926 161.632049,-45.209379 -50.959930,6.275887 -46.951467,57.716475 -41.661250,70.525064 122.461489,19.303103 131.398312,-49.350386 166.833836,-78.847913 -35.853809,-28.111057 -19.261467,23.483198 -15.787851,74.586854 -4.226229,53.577151 157.789281,2.090492 162.523349,-66.291274 -159.153321,-62.191358 5.840201,-10.936662 11.961384,40.643512 15.733511,85.862092 132.773827,36.478396 -169.997702,-15.116662 -166.377189,-82.639926 -108.367951,-45.209379 39.040070,6.275887 43.048533,57.716475 48.338750,70.525064 -147.538511,19.303103 -138.601688,-32.275773 -135.080685
-1.553597 72.500485,-52.950109 77.158160,-75.394304 -121.491838,-24.481036 -109.229523,27.120646 -105.760064,78.071822 -90.365416,49.966537 68.131403,-18.753970 103.620699,-69.845330 112.220095,-58.610139 -83.483392,-7.295148 -78.055758,44.266110 -74.099858,83.281112 70.317494,32.848066 100.087707,-35.898047 134.999373,-85.433531 -176.013316,-41.598308 -50.781523,9.919977 -46.969703,61.312894 -41.029963,66.960636 123.941869,15.661548 131.397971,-52.950109 167.158160,-75.394304 -31.491838,-24.481036 -19.229523,27.120646 -15.760064,78.071822 -0.365416,49.966537 158.131403,-1.553597 162.500485,-69.845330 -157.779905,-58.610139 6.516608,-7.295148 11.944242,44.266110 15.900142,83.281112 160.317494,32.848066 -169.912293,-18.753970 -166.379301,-85.433531 -86.013316,-41.598308 39.218477,9.919977 43.030297,61.312894 48.970037,66.960636 -146.058131,15.661548 -138.602029,-35.898047 -135.000627
-5.197017 72.478370,-56.543558 77.586412,-71.882844 -118.874365,-20.847913 -109.213280,30.755606 -105.713675,81.448588 -83.255180,46.350826 68.390954,-22.388725 103.629405,-73.376520 114.251262,-55.020748 -82.979126,-3.652305 -78.076604,47.884479 -73.878659,80.037091 81.282523,29.214699 100.146820,-39.516228 135.110896,-86.338921 -125.812494,-37.982628 -50.648366,13.563405 -46.982730,64.899971 -40.170716,63.380356 124.979718,12.018688 131.388910,-56.543558 167.586412,-71.882844 -28.874365,-20.847913 -19.213280,30.755606 -15.713675,81.448588 6.744820,46.350826 158.390954,-5.197017 162.478370,-73.376520 -155.748738,-55.020748 7.020874,-3.652305 11.923396,47.884479 16.121341,80.037091 171.282523,29.214699 -169.853180,-22.388725 -166.370595,-86.338921 -35.812494,-37.982628 39.351634,13.563405 43.017270,64.899971 49.829284,63.380356 -145.020282,12.018688 -138.611090,-39.516228 -134.889104
-8.839347 72.458858,-60.129686 78.156504,-68.340614 -117.165049,-17.212031 -109.209495,34.387728 -105.644115,84.515779 -67.423057,42.730608 68.587346,-26.020573 103.651875,-76.868284 117.460982,-51.424535 -82.598729,-0.008550 -78.099260,51.498111 -73.586868,76.602626 86.669325,25.578640 100.184818,-43.129996 135.261933,-84.359067 -87.412325,-34.362674 -50.551049,17.205761 -46.988390,68.474291 -38.969952,59.789003 125.731688,8.374929 131.373423,-60.129686 168.156504,-68.340614 -27.165049,-17.212031 -19.209495,34.387728 -15.644115,84.515779 22.576943,42.730608 158.587346,-8.839347 162.458858,-76.868284 -152.539018,-51.424535 7.401271,-0.008550 11.900740,51.498111 16.413132,76.602626 176.669325,25.578640 -169.815182,-26.020573 -166.348125,-84.359067 2.587675,-34.362674 39.448951,17.205761 43.011610,68.474291 51.030048,59.789003 -144.268312,8.374929 -138.626577,-43.129996 -134.738067
-12.480175 72.443885,-63.706846 78.926677,-64.779524 -115.984747,-13.573752 -109.215408,38.016664 -105.545672,86.378361 -26.976426,39.106347 68.734581,-29.649181 103.691609,-80.280167 123.078678,-47.822377 -82.310177,3.635695 -78.121890,55.106338 -73.201980,73.092568 89.769771,21.940245 100.205885,-46.739000 135.463094,-81.275881 -72.416692,-30.738758 -50.482361,20.846644 -46.984267,72.029628 -37.225661,56.189285 126.288784,4.730684 131.353583,-63.706846 168.926677,-64.779524 -25.984747,-13.573752 -19.215408,38.016664 -15.545672,86.378361 63.023574,39.106347 158.734581,-12.480175 162.443885,-80.280167 -146.921322,-47.822377 7.689823,3.635695 11.878110,55.106338 16.798020,73.092568 179.769771,21.940245 -169.794115,-29.649181 -166.308391,-81.275881 17.583308,-30.738758 39.517639,20.846644 43.015733,72.029628 52.774339,56.189285 -143.711216,4.730684 -138.646417,-46.739000 -134.536906
-16.119101 72.435540,-67.272279 79.991201,-61.205527 -115.138311,-9.933453 -109.228617,41.642062 -105.411047,85.284137 22.060459,35.478436 68.843042,-33.274227 103.752858,-83.487867 134.643792,-44.214883 -82.091366,7.280003 -78.142656,58.708213 -72.691315,69.544929 91.740971,18.299880 100.213470,-50.342817 135.728711,-77.904862 -65.579837,-27.111187 -50.436649,24.485670 -46.967585,75.553495 -34.542602,52.582850 126.707429,1.086375 131.331318,-67.272279 169.991201,-61.205527 -25.138311,-9.933453 -19.228617,41.642062 -15.411047,85.284137 112.060459,35.478436 158.843042,-16.119101 162.435540,-83.487867 -135.356208,-44.214883 7.908634,7.280003 11.857344,58.708213 17.308685,69.544929 -178.259029,18.299880 -169.786530,-33.274227 -166.247142,-77.904862 24.420163,-27.111187 39.563351,24.485670 43.032415,75.553495 55.457398,52.582850 -143.292571,1.086375 -138.668682,-50.342817 -134.271289
-19.755742 72.436140,-70.821057 81.513059,-57.621883 -114.515463,-6.291532 -109.246975,45.263539 -105.230704,82.420474 43.095832,31.847235 68.920617,-36.895404 103.840897,-85.972773 163.876801,-40.602507 -81.926526,10.923953 -78.159661,62.302303 -72.005482,65.975469 93.077915,14.657926 100.210482,-53.940893 136.078688,-74.430954 -61.830995,-23.480278 -50.409389,28.122468 -46.935076,79.017278 -30.040293,48.970762 127.024453,-2.557572 131.308478,-70.821057 171.513059,-57.621883 -24.515463,-6.291532 -19.246975,45.263539 -15.230704,82.420474 133.095832,31.847235 158.920617,-19.755742 162.436140,-85.972773 -106.123199,-40.602507 8.073474,10.923953 11.840339,62.302303 17.994518,65.975469 -176.922085,14.657926 -169.789518,-36.895404 -166.159103,-74.430954 28.169005,-23.480278 39.590611,28.122468 43.064924,79.017278 59.959707,48.970762 -142.975547,-2.557572 -138.691522,-53.940893 -133.921312
-23.389731 72.448324,-74.343622 83.799246,-54.030503 -114.049300,-2.648396 -109.268505,48.880659 -104.991880,79.102369 51.929707,28.213091 68.973443,-40.512402 103.962412,-86.012998 -142.978501,-36.985617 -81.804076,14.567126 -78.170882,65.886290 -71.066132,62.391776 94.024970,11.014777 100.199432,-57.532448 136.541568,-70.909238 -59.519605,-19.846360 -50.396879,31.756681 -46.882800,82.341004 -21.370235,45.353758 127.264935,-6.200733 131.286893,-74.343622 173.799246,-54.030503 -24.049300,-2.648396 -19.268505,48.880659 -14.991880,79.102369 141.929707,28.213091 158.973443,-23.389731 162.448324,-86.012998 -52.978501,-36.985617 8.195924,14.567126 11.829118,65.886290 18.933868,62.391776 -175.975030,11.014777 -169.800568,-40.512402 -166.037588,-70.909238 30.480395,-19.846360 39.603121,31.756681 43.117200,82.341004 68.629765,45.353758 -142.735065,-6.200733 -138.713107,-57.532448 -133.458432
-27.020719 72.475175,-77.819164 87.498720,-50.432578 -113.696900,0.995536 -109.291336,52.492877 -104.677030,75.640744 56.497281,24.576353 69.006394,-44.124895 104.126069,-83.562560 -113.038761,-33.364541 -81.715291,18.209115 -78.174101,69.456176 -69.741238,58.797905 94.716013,7.370842 100.182546,-61.116305 137.159825,-67.360969 -57.983278,-16.209781 -50.396024,35.387960 -46.805910,85.225068 -0.836889,41.732383 127.446565,-9.842689 131.268433,-77.819164 177.498720,-50.432578 -23.696900,0.995536 -19.291336,52.492877 -14.677030,75.640744 146.497281,24.576353 159.006394,-27.020719 162.475175,-83.562560 -23.038761,-33.364541 8.284709,18.209115 11.825899,69.456176 20.258762,58.797905 -175.283987,7.370842 -169.817454,-44.124895 -165.873931,-67.360969 32.016722,-16.209781 39.603976,35.387960 43.194090,85.225068 89.163111,41.732383 -142.553435,-9.842689 -138.731567,-61.116305 -132.840175
-30.648376 72.520375,-81.194040 94.221026,-46.828898 -113.429450,4.639841 -109.313637,56.099464 -104.261305,72.117922 59.211883,20.937378 69.023428,-47.732516 104.343364,-80.363474 -101.231305,-29.739587 -81.653443,21.849524 -78.166813,73.004500 -67.790344,55.196204 95.230355,3.726537 100.161850,-64.690575 137.999586,-63.795879 -56.909725,-12.570907 -50.404175,39.015957 -46.698307,86.390748 47.607186,38.107079 127.582202,-13.483033 131.255070,-81.194040 -175.778974,-46.828898 -23.429450,4.639841 -19.313637,56.099464 -14.261305,72.117922 149.211883,20.937378 159.023428,-30.648376 162.520375,-80.363474 -11.231305,-29.739587 8.346557,21.849524 11.833187,73.004500 22.209656,55.196204 -174.769645,3.726537 -169.838150,-47.732516 -165.656636,-63.795879 33.090275,-12.570907 39.595825,39.015957 43.301693,86.390748 137.607186,38.107079 -142.417798,-13.483033 -138.744930,-64.690575 -132.000414
-34.272388 72.588427,-84.289514 108.885130,-43.220017 -113.226875,8.284093 -109.333561,59.699366 -103.708242,68.563180 60.973606,17.296536 69.027828,-51.334814 104.629941,-76.954560 -95.524629,-26.111064 -81.613228,25.487973 -78.146122,76.515812 -64.727844,51.588122 95.617928,0.082286 100.139244,-68.252043 139.169677,-60.218972 -56.133559,-8.930121 -50.419009,42.640314 -46.552152,84.583646 88.845059,34.478226 127.681450,-17.121367 131.248947,-84.289514 -161.114870,-43.220017 -23.226875,8.284093 -19.333561,59.699366 -13.708242,68.563180 150.973606,17.296536 159.027828,-34.272388 162.588427,-76.954560 -5.524629,-26.111064 8.386772,25.487973 11.853878,76.515812 25.272156,51.588122 -174.382072,0.082286 -169.860756,-51.334814 -165.370059,-60.218972 33.866441,-8.930121 39.580991,42.640314 43.447848,84.583646 178.845059,34.478226 -142.318550,-17.121367 -138.751053,-68.252043 -130.830323
-37.892444 72.684951,-86.319210 146.491381,-39.606363 -113.074730,11.927870 -109.349181,63.290954 -102.962048,64.989241 62.184953,13.654213 69.022382,-54.931184 105.007710,-73.464137 -92.274471,-22.479293 -81.590372,29.124094 -78.108592,79.953010 -59.423303,47.974616 95.911733,-3.561486 100.116567,-71.794852 140.862293,-56.633043 -55.559296,-5.287824 -50.438432,46.260638 -46.357138,81.530267 105.043921,30.846180 127.751655,-20.757313 131.252459,-86.319210 -123.508619,-39.606363 -23.074730,11.927870 -19.349181,63.290954 -12.962048,64.989241 152.184953,13.654213 159.022382,-37.892444 162.684951,-73.464137 -2.274471,-22.479293 8.409628,29.124094 11.891408,79.953010 30.576697,47.974616 -174.088267,-3.561486 -169.883433,-54.931184 -164.992290,-56.633043 34.440704,-5.287824 39.561568,46.260638 43.642862,81.530267 -164.956079,30.846180 -142.248345,-20.757313 -138.747541,-71.794852 -129.137707
-41.508234 72.817110,-85.488613 -162.835684,-35.988288 -112.962329,15.570757 -109.358429,66.871557 -101.932859,61.402433 63.051083,10.010807 69.009512,-58.520758 105.508387,-69.933675 -90.221889,-18.844606 -81.581361,32.757533 -78.050064,83.204765 -48.678265,44.356358 96.134475,-7.204357 100.095653,-75.307312 143.449841,-53.039763 -55.128032,-1.644426 -50.460505,49.876467 -46.099370,78.157695 112.278391,27.211286 127.798563,-24.390509 131.268354,-85.488613 -72.835684,-35.988288 -22.962329,15.570757 -19.358429,66.871557 -11.932859,61.402433 153.051083,10.010807 159.009512,-41.508234 162.817110,-69.933675 -0.221889,-18.844606 8.418639,32.757533 11.949936,83.204765 41.321735,44.356358 -173.865525,-7.204357 -169.904347,-58.520758 -164.491613,-53.039763 34.871968,-1.644426 39.539495,49.876467 43.900630,78.157695 -157.721609,27.211286 -142.201437,-24.390509 -138.731646,-75.307312 -126.550159
-45.119425 72.994252,-82.718125 -139.931467,-32.366113 -112.881569,19.212349 -109.359017,70.436466 -100.466276,57.806218 63.687085,6.366728 68.991380,-62.102203 106.179726,-66.380071 -88.835860,-15.207357 -81.583236,36.387942 -77.965384,85.816254 -21.796916,40.733860 96.302310,-10.845910 100.078394,-78.762943 147.750769,-49.440186 -54.801470,1.999651 -50.483372,53.487217 -45.759600,74.674461 116.191749,23.573896 127.826765,-28.020612 131.299863,-82.718125 -49.931467,-32.366113 -22.881569,19.212349 -19.359017,70.436466 -10.466276,57.806218 153.687085,6.366728 158.991380,-45.119425 162.994252,-66.380071 1.164140,-15.207357 8.416764,36.387942 12.034616,85.816254 68.203084,40.733860 -173.697690,-10.845910 -169.921606,-62.102203 -163.820274,-49.440186 35.198530,1.999651 39.516628,53.487217 44.240400,74.674461 -153.808251,23.573896 -142.173235,-28.020612 -138.700137,-78.762943 -122.249231
-48.725629 73.228858,-79.436801 -130.467189,-28.740144 -112.826162,22.852256 -109.348345,73.976670 -98.273846,54.202640 64.162397,2.722395 68.969972,-65.673346 107.097123,-62.811348 -87.856900,-11.567917 -81.593449,40.014973 -77.848030,86.137706 31.181896,37.107542 96.427073,-14.485738 100.066803,-82.089223 155.907054,-45.835024 -54.553617,5.643983 -50.505205,57.092086 -45.310312,71.140936 118.584165,19.934369 127.840015,-31.647296 131.350869,-79.436801 -40.467189,-28.740144 -22.826162,22.852256 -19.348345,73.976670 -8.273846,54.202640 154.162397,2.722395 158.969972,-48.725629 163.228858,-62.811348 2.143100,-11.567917 8.406551,40.014973 12.151970,86.137706 121.181896,37.107542 -173.572927,-14.485738 -169.933197,-65.673346 -162.902877,-45.835024 35.446383,5.643983 39.494795,57.092086 44.689688,71.140936 -151.415835,19.934369 -142.159985,-31.647296 -138.649131,-82.089223 -114.092946
-52.326362 73.538039,-75.998457 -125.644842,-25.110694 -112.791119,26.490099 -109.323384,77.472837 -94.752531,50.592983 64.521366,-0.921767 68.947165,-69.230422 108.386872,-59.231738 -87.143933,-7.926674 -81.609748,43.638260 -77.689569,83.802013 63.703897,33.477774 96.517664,-18.123452 100.063083,-85.022482 174.822173,-42.224790 -54.366192,9.288146 -50.524139,60.689893 -44.710695,67.580007 120.165494,16.293080 127.841441,-35.270248 131.426149,-75.998457 -35.644842,-25.110694 -22.791119,26.490099 -19.323384,77.472837 -4.752531,50.592983 154.521366,-0.921767 158.947165,-52.326362 163.538039,-59.231738 2.856067,-7.926674 8.390252,43.638260 12.310431,83.802013 153.703897,33.477774 -173.482336,-18.123452 -169.936917,-69.230422 -161.613128,-42.224790 35.633808,9.288146 39.475861,60.689893 45.289305,67.580007 -149.834506,16.293080 -142.158559,-35.270248 -138.573851,-85.022482 -95.177827
-55.920961 73.945972,-72.494400 -122.805263,-21.478085 -112.772402,30.125516 -109.280520,80.876055 -88.429206,46.978109 64.793656,-4.565333 68.924789,-72.766417 110.277206,-55.643649 -86.613870,-4.284032 -81.630090,47.257396 -77.478838,80.618886 76.380586,29.844909 96.580931,-21.758675 100.069715,-86.416491 -139.138256,-38.609884 -54.225937,12.931719 -50.538218,64.278783 -43.897482,64.002051 121.266270,12.650418 127.833720,-38.889160 131.531697,-72.494400 -32.805263,-21.478085 -22.772402,30.125516 -19.280520,80.876055 1.570794,46.978109 154.793656,-4.565333 158.924789,-55.920961 163.945972,-55.643649 3.386130,-4.284032 8.369910,47.257396 12.521162,80.618886 166.380586,29.844909 -173.419069,-21.758675 -169.930285,-72.766417 -159.722794,-38.609884 35.774063,12.931719 39.461782,64.278783 46.102518,64.002051 -148.733730,12.650418 -142.166280,-38.889160 -138.468303,-86.416491 -49.138256
-59.508456 74.488010,-68.956401 -120.973369,-17.842657 -112.766666,33.758155 -109.215351,84.027453 -74.875366,43.358637 64.999872,-8.207881 68.904689,-76.266902 113.224177,-52.048547 -86.214644,-0.640405 -81.652565,50.871891 -77.200682,77.205251 82.392489,26.209292 96.622267,-25.391052 100.089566,-84.825745 -95.326780,-34.990648 -54.122975,16.574289 -50.545320,67.855655 -42.767095,60.412383 122.059976,9.006785 127.819194,-42.503718 131.675207,-68.956401 -30.973369,-17.842657 -22.766666,33.758155 -19.215351,84.027453 15.124634,43.358637 154.999872,-8.207881 158.904689,-59.508456 164.488010,-52.048547 3.785356,-0.640405 8.347435,50.871891 12.799318,77.205251 172.392489,26.209292 -173.377733,-25.391052 -169.910434,-76.266902 -156.775823,-34.990648 35.877025,16.574289 39.454680,67.855655 47.232905,60.412383 -147.940024,9.006785 -142.180806,-42.503718 -138.324793,-84.825745 -5.326780
-63.087328 75.218030,-65.398046 -119.718712,-14.204766 -112.771078,37.387669 -109.122388,86.233330 -39.963659,39.735048 65.154802,-11.848999 68.888785,-79.697701 118.273702,-48.447370 -85.911972,3.003785 -81.675330,54.481113 -76.833930,73.704538 85.776023,22.571276 96.646005,-29.020245 100.126026,-81.840607 -77.741447,-31.367397 -54.049765,20.215456 -50.543081,71.414933 -41.137831,56.813976 122.646098,5.362594 127.799967,-46.113576 131.866773,-65.398046 -29.718712,-14.204766 -22.771078,37.387669 -19.122388,86.233330 50.036341,39.735048 155.154802,-11.848999 158.888785,-63.087328 165.218030,-48.447370 4.088028,3.003785 8.324670,54.481113 13.166070,73.704538 175.776023,22.571276 -173.353995,-29.020245 -169.873974,-79.697701 -151.726298,-31.367397 35.950235,20.215456 39.456919,71.414933 48.862169,56.813976 -147.353902,5.362594 -142.200033,-46.113576 -138.133227,-81.840607 12.258553
-66.655066 76.222380,-61.826001 -118.823952,-10.564790 -112.783183,41.013706 -108.994647,85.665467 12.235971,36.107743 65.269362,-15.488283 68.879132,-82.958617 128.325554,-44.840766 -85.682342,6.648113 -81.696553,58.084176 -76.348032,70.161932 87.896810,18.931226 96.655706,-32.645931 100.183199,-78.499284 -70.026917,-27.740438 -54.000421,23.854831 -50.528795,74.945638 -38.660723,53.208618 123.085688,1.718266 127.777989,-49.718327 132.119973,-61.826001 -28.823952,-10.564790 -22.783183,41.013706 -18.994647,85.665467 102.235971,36.107743 155.269362,-15.488283 158.879132,-66.655066 166.222380,-44.840766 4.317658,6.648113 8.303447,58.084176 13.651968,70.161932 177.896810,18.931226 -173.344294,-32.645931 -169.816801,-82.958617 -141.674446,-27.740438 35.999579,23.854831 39.471205,74.945638 51.339277,53.208618 -146.914312,1.718266 -142.222011,-49.718327 -137.880027,-78.499284 19.973083
-70.207239 77.648472,-58.243865 -118.168021,-6.923121 -112.800793,44.635892 -108.823040,82.966218 37.158214,32.477087 65.351811,-19.125347 68.878003,-85.651927 153.023998,-41.229207 -85.509070,10.292155 -81.714350,61.679750 -75.697155,66.595568 89.321733,15.289519 96.654362,-36.267801 100.266159,-75.037638 -65.907627,-24.110085 -53.970246,27.492041 -50.499291,78.423285 -34.578076,49.597450 123.418276,-1.925774 127.755118,-53.317446 132.453572,-58.243865 -28.168021,-6.923121 -22.800793,44.635892 -18.823040,82.966218 127.158214,32.477087 155.351811,-19.125347 158.878003,-70.207239 167.648472,-41.229207 4.490930,10.292155 8.285650,61.679750 14.302845,66.595568 179.321733,15.289519 -173.345638,-36.267801 -169.733841,-85.651927 -116.976002,-24.110085 36.029754,27.492041 39.500709,78.423285 55.421924,49.597450 -146.581724,-1.925774 -142.244882,-53.317446 -137.546428,-75.037638 24.092373
-73.735384 79.769385,-54.653726 -117.678277,-3.280166 -112.821910,48.253802 -108.595453,79.691923 47.258702,28.843429 65.408549,-22.759821 68.887971,-86.245205 -155.083031,-37.613076 -85.379962,13.935492 -81.726727,65.265712 -74.809259,63.013985 90.324676,11.646549 96.644543,-39.885546 100.381312,-71.522177 -63.409820,-20.476664 -53.955416,31.126727 -50.450761,81.782163 -26.938997,45.981255 123.670595,-5.569102 127.733183,-56.910203 132.894312,-54.653726 -27.678277,-3.280166 -22.821910,48.253802 -18.595453,79.691923 137.258702,28.843429 155.408549,-22.759821 158.887971,-73.735384 169.769385,-37.613076 4.620038,13.935492 8.273273,65.265712 15.190741,63.013985 -179.675324,11.646549 -173.355457,-39.885546 -169.618688,-86.245205 -65.083031,-20.476664 36.044584,31.126727 39.549239,81.782163 63.061003,45.981255 -146.329405,-5.569102 -142.266817,-56.910203 -137.105688,-71.522177 26.590180
-77.221503 83.149422,-51.056871 -117.308525,0.363658 -112.844647,51.866917 -108.295320,76.246629 52.319369,25.207115 65.444640,-26.391354 68.912034,-84.070641 -119.919461,-33.992703 -85.285870,17.577715 -81.731504,68.838446 -73.564341,59.421677 91.053322,8.002720 96.628519,-43.498845 100.536931,-67.977617 -61.767554,-16.840521 -53.952740,34.758540 -50.378536,84.789606 -9.534626,42.360604 123.861397,-9.211297 127.714043,-60.495504 133.481724,-51.056871 -27.308525,0.363658 -22.844647,51.866917 -18.295320,76.246629 142.319369,25.207115 155.444640,-26.391354 158.912034,-77.221503 173.149422,-33.992703 4.714130,17.577715 8.268496,68.838446 16.435659,59.421677 -178.946678,8.002720 -173.371481,-43.498845 -169.463069,-84.070641 -29.919461,-16.840521 36.047260,34.758540 39.621464,84.789606 80.465374,42.360604 -146.138603,-9.211297 -142.285957,-60.495504 -136.518276,-67.977617 28.232446
-80.620776 89.144626,-47.454144 -117.027980,4.007929 -112.867171,55.474544 -107.899301,72.731566 55.268362,21.568502 65.464182,-30.019612 68.953756,-80.939591 -106.223988,-30.368400 -85.219766,21.218426 -81.726233,72.391299 -71.747101,55.821210 91.594107,4.358449 96.608345,-47.107340 100.743942,-64.414998 -60.628368,-13.202017 -53.959504,38.387131 -50.276763,86.415018 34.101289,38.735953 124.004244,-12.851949 127.699649,-64.071618 134.276826,-47.454144 -27.027980,4.007929 -22.867171,55.474544 -17.899301,72.731566 145.268362,21.568502 155.464182,-30.019612 158.953756,-80.620776 179.144626,-30.368400 4.780234,21.218426 8.273767,72.391299 18.252899,55.821210 -178.405893,4.358449 -173.391655,-47.107340 -169.256058,-80.939591 -16.223988,-13.202017 36.040496,38.387131 39.723237,86.415018 124.101289,38.735953 -145.995756,-12.851949 -142.300351,-64.071618 -135.723174,-64.414998 29.371632
-83.791411 101.747228,-43.846132 -116.815321,7.652220 -112.887641,59.075701 -107.373372,69.181175 57.158141,17.927957 65.470562,-33.644277 69.017479,-77.553347 -99.839919,-26.740474 -85.176130,24.857241 -81.708094,75.910773 -68.931453,52.214156 92.000928,0.714158 96.585938,-50.710599 101.017147,-60.839896 -59.808870,-9.561535 -53.973334,42.012146 -50.137951,85.036192 80.534124,35.107690 124.109223,-16.490659 127.692107,-67.635627 135.378983,-43.846132 -26.815321,7.652220 -22.887641,59.075701 -17.373372,69.181175 147.158141,17.927957 155.470562,-33.644277 159.017479,-83.791411 -168.252772,-26.740474 4.823870,24.857241 8.291906,75.910773 21.068547,52.214156 -177.999072,0.714158 -173.414062,-50.710599 -168.982853,-77.553347 -9.839919,-9.561535 36.026666,42.012146 39.862049,85.036192 170.534124,35.107690 -145.890777,-16.490659 -142.307893,-67.635627 -134.621017,-60.839896 30.191130
-86.127065 133.953205,-40.233278 -116.655284,11.296110 -112.904151,62.668885 -106.665883,65.609995 58.446608,14.285862 65.466640,-37.265041 69.108602,-74.072930 -96.287700,-23.109242 -85.150535,28.493792 -81.673759,79.365422 -64.153056,48.601536 92.309136,-2.929727 96.563142,-54.308050 101.377166,-57.255389 -59.204579,-5.919470 -53.992104,45.633200 -49.952286,82.093401 99.597947,31.476172 124.184014,-20.127046 127.693763,-71.182280 136.961314,-40.233278 -26.655284,11.296110 -22.904151,62.668885 -16.665883,65.609995 148.446608,14.285862 155.466640,-37.265041 159.108602,-86.127065 -136.046795,-23.109242 4.849465,28.493792 8.326241,79.365422 25.846944,48.601536 -177.690864,-2.929727 -173.436858,-54.308050 -168.622834,-74.072930 -6.287700,-5.919470 36.007896,45.633200 40.047714,82.093401 -170.402053,31.476172 -145.815986,-20.127046 -142.306237,-71.182280 -133.038686,-57.255389 30.795421
-85.838376 -173.192857,-36.615947 -116.536634,14.939180 -112.914661,66.251654 -105.694446,62.025115 59.362592,10.642615 65.454896,-40.881595 69.233984,-70.547813 -94.077222,-19.475036 -85.139349,32.127720 -81.619210,82.665085 -54.783807,44.984063 92.542894,-6.572785 96.541789,-57.898882 101.853667,-53.663295 -58.751708,-2.276234 -54.013852,49.249846 -49.706599,78.753210 107.786460,27.841747 124.234604,-23.760744 127.707295,-74.701290 139.353254,-36.615947 -26.536634,14.939180 -22.914661,66.251654 -15.694446,62.025115 149.362592,10.642615 155.454896,-40.881595 159.233984,-85.838376 -83.192857,-19.475036 4.860651,32.127720 8.380790,82.665085 35.216193,44.984063 -177.457106,-6.572785 -173.458211,-57.898882 -168.146333,-70.547813 -4.077222,-2.276234 35.986148,49.249846 40.293401,78.753210 -162.213540,27.841747 -145.765396,-23.760744 -142.292705,-74.701290 -130.646746,-53.663295 31.248292
-83.254184 -146.063914,-32.994460 -116.450881,18.581026 -112.916927,69.819764 -104.319243,58.430356 60.032586,6.998622 65.437531,-44.493608 69.402536,-66.997491 -92.599038,-15.838205 -85.139528,35.758680 -81.539487,85.460652 -32.104232,41.362268 92.719301,-10.214595 96.523757,-61.481862 102.490994,-50.064751 -58.409125,1.367756 -54.036712,52.861527 -49.382739,75.283014 112.094738,24.204764 124.265761,-27.391406 127.735838,-78.169938 143.261021,-32.994460 -26.450881,18.581026 -22.916927,69.819764 -14.319243,58.430356 150.032586,6.998622 155.437531,-44.493608 159.402536,-83.254184 -56.063914,-15.838205 4.860472,35.758680 8.460513,85.460652 57.895768,41.362268 -177.280699,-10.214595 -173.476243,-61.481862 -167.509006,-66.997491 -2.599038,1.367756 35.963288,52.861527 40.617261,75.283014 -157.905262,24.204764 -145.734239,-27.391406 -142.264162,-78.169938 -126.738979,-50.064751 31.590875
-80.021414 -135.208292,-29.369127 -116.391466,22.221252 -112.908410,73.365220 -102.283278,54.827947 60.532049,3.354304 65.416554,-48.100708 69.626105,-63.431015 -91.561867,-12.199118 -85.148464,39.386322 -81.428340,86.326232 18.562945,37.736584 92.850826,-13.854751 96.511031,-65.055002 103.358534,-46.460517 -58.149108,5.012075 -54.058856,56.467487 -48.954907,71.756010 114.683261,20.565581 124.281363,-31.018706 127.783151,-81.528379 150.470519,-29.369127 -26.391466,22.221252 -22.908410,73.365220 -12.283278,54.827947 150.532049,3.354304 155.416554,-48.100708 159.626105,-80.021414 -45.208292,-12.199118 4.851536,39.386322 8.571660,86.326232 108.562945,37.736584 -177.149174,-13.854751 -173.488969,-65.055002 -166.641466,-63.431015 -1.561867,5.012075 35.941144,56.467487 41.045093,71.756010 -155.316739,20.565581 -145.718637,-31.018706 -142.216849,-81.528379 -119.529481,-46.460517 31.850892
-76.600747 -129.854158,-25.740258 -116.353205,25.859480 -112.886167,76.871256 -99.061033,51.219274 60.908745,-0.289918 65.393857,-51.702431 69.920861,-59.853084 -90.809901,-8.558159 -85.163859,43.010286 -81.277718,84.301658 56.536873,34.107389 92.946802,-17.492859 96.505778,-68.614896 104.571212,-42.851131 -57.952271,8.656297 -54.078430,60.066627 -48.385099,68.198877 116.375018,16.924570 124.284637,-34.642327 127.853831,-84.570771 166.555712,-25.740258 -26.353205,25.859480 -22.886167,76.871256 -9.061033,51.219274 150.908745,-0.289918 155.393857,-51.702431 159.920861,-76.600747 -39.854158,-8.558159 4.836141,43.010286 8.722282,84.301658 146.536873,34.107389 -177.053198,-17.492859 -173.494222,-68.614896 -165.428788,-59.853084 -0.809901,8.656297 35.921570,60.066627 41.614901,68.198877 -153.624982,16.924570 -145.715363,-34.642327 -142.146169,-84.570771 -103.444288,-42.851131 32.047729
-73.104974 -126.765322,-22.108173 -116.331914,29.495343 -112.846698,80.296853 -93.407737,47.605255 61.194384,-3.933618 65.371275,-55.298153 70.309521,-56.266341 -90.252506,-4.915730 -85.183640,46.630173 -81.077004,81.194544 71.297927,30.475036 93.014386,-21.128540 96.510422,-72.155286 106.333693,-39.237009 -57.804624,12.300002 -54.093497,63.657240 -47.614887,64.623400 117.543756,13.282118 124.278327,-38.261962 127.953635,-86.386524 -152.594398,-22.108173 -26.331914,29.495343 -22.846698,80.296853 -3.407737,47.605255 151.194384,-3.933618 155.371275,-55.298153 160.309521,-73.104974 -36.765322,-4.915730 4.816360,46.630173 8.922996,81.194544 161.297927,30.475036 -176.985614,-21.128540 -173.489578,-72.155286 -163.666307,-56.266341 -0.252506,12.300002 35.906503,63.657240 42.385113,64.623400 -152.456244,13.282118 -145.721673,-38.261962 -142.046365,-86.386524 -62.594398,-39.237009 32.195376
-69.571590 -124.798579,-18.473208 -116.324142,33.128488 -112.785755,83.515373 -81.721412,43.986543 61.410864,-7.576373 65.350647,-58.886969 70.825093,-52.672376 -89.833436,-1.272244 -85.205878,50.245514 -80.811854,77.805438 78.041740,26.839871 93.059189,-24.761436 96.527754,-75.663550 109.046973,-35.618502 -57.695791,15.942775 -54.101970,67.236502 -46.549606,61.035503 118.382112,9.638624 124.264824,-41.877299 128.089917,-85.256212 -104.073047,-18.473208 -26.324142,33.128488 -22.785755,83.515373 8.278588,43.986543 151.410864,-7.576373 155.350647,-58.886969 160.825093,-69.571590 -34.798579,-1.272244 4.794122,50.245514 9.188146,77.805438 168.041740,26.839871 -176.940811,-24.761436 -173.472246,-75.663550 -160.953027,-52.672376 0.166564,15.942775 35.898030,67.236502 43.450394,61.035503 -151.617888,9.638624 -145.735176,-41.877299 -141.910083,-85.256212 -14.073047,-35.618502 32.304209
-66.016162 -123.463282,-14.835718 -116.326980,36.758568 -112.698063,85.994560 -52.037288,40.363637 61.573815,-11.217768 65.333872,-62.467480 71.517492,-49.072201 -89.515946,2.371879 -85.228724,53.855705 -80.462334,74.315303 81.745941,23.202246 93.085704,-28.391204 96.561063,-79.110630 113.605953,-31.995925 -57.617884,19.584214 -54.101534,70.799407 -45.025374,57.438460 118.999057,5.994500 124.246269,-45.487998 128.272292,-82.396091 -83.331097,-14.835718 -26.326980,36.758568 -22.698063,85.994560 37.962712,40.363637 151.573815,-11.217768 155.333872,-62.467480 161.517492,-66.016162 -33.463282,2.371879 4.771276,53.855705 9.537666,74.315303 171.745941,23.202246 -176.914296,-28.391204 -173.438937,-79.110630 -156.394047,-49.072201 0.484054,19.584214 35.898466,70.799407 44.974626,57.438460 -151.000943,5.994500 -145.753731,-45.487998 -141.727708,-82.396091 6.668903,-31.995925 32.382116
-62.446175 -122.516663,-11.196076 -116.337913,40.385234 -112.576935,85.984872 1.306782,36.736949 61.694720,-14.857398 65.322980,-66.037395 72.465959,-45.466499 -89.275002,6.016213 -85.250347,57.459915 -79.999849,70.778242 84.032356,19.562522 93.097611,-32.017520 96.614312,-82.414990 122.402327,-28.369586 -57.564766,23.223926 -54.089549,74.336267 -42.732955,53.834211 119.460761,2.350165 124.224633,-49.093668 128.513634,-79.090384 -74.573935,-11.196076 -26.337913,40.385234 -22.576935,85.984872 91.306782,36.736949 151.694720,-14.857398 155.322980,-66.037395 162.465959,-62.446175 -32.516663,6.016213 4.749653,57.459915 10.000151,70.778242 174.032356,19.562522 -176.902389,-32.017520 -173.385688,-82.414990 -147.597673,-45.466499 0.724998,23.223926 35.910451,74.336267 47.267045,53.834211 -150.539239,2.350165 -145.775367,-49.093668 -141.486366,-79.090384 15.426065,-28.369586 32.435234
-58.865608 -121.825515,-7.554672 -116.354717,44.008117 -112.413703,83.497421 30.821111,33.106849 61.782235,-18.494874 65.320198,-69.592718 73.804148,-41.855771 -89.092936,9.660335 -85.268878,61.056911 -79.381811,67.215218 85.553143,15.921074 93.097987,-35.640074 96.692385,-85.270239 143.263979,-24.739799 -57.531563,26.861538 -54.062937,77.826014 -39.016989,50.223987 119.809704,-1.293955 124.201785,-52.693809 128.831646,-75.642785 -70.030598,-7.554672 -26.354717,44.008117 -22.413703,83.497421 120.821111,33.106849 151.782235,-18.494874 155.320198,-69.592718 163.804148,-58.865608 -31.825515,9.660335 4.731122,61.056911 10.618189,67.215218 175.553143,15.921074 -176.902013,-35.640074 -173.307615,-85.270239 -126.736021,-41.855771 0.907064,26.861538 35.937063,77.826014 50.983011,50.223987 -150.190296,-1.293955 -145.798215,-52.693809 -141.168354,-75.642785 19.969402,-24.739799 32.468437
-55.276748 -121.310826,-3.911910 -116.375362,47.626803 -112.196862,80.276846 42.449540,29.473687 61.843036,-22.129823 65.328041,-73.125936 75.775761,-38.240408 -88.956897,13.303824 -85.282344,64.644744 -78.541866,63.635876 86.616274,12.278294 93.089468,-39.258557 96.801424,-86.383587 -168.074201,-21.106886 -57.514316,30.496688 -54.018013,81.214202 -32.245854,46.608618 120.074418,-4.937437 124.179557,-56.287734 129.251417,-72.134269 -67.324883,-3.911910 -26.375362,47.626803 -22.196862,80.276846 132.449540,29.473687 151.843036,-22.129823 155.328041,-73.125936 165.775761,-55.276748 -31.310826,13.303824 4.717656,64.644744 11.458134,63.635876 176.616274,12.278294 -176.910532,-39.258557 -173.198576,-86.383587 -78.074201,-38.240408 1.043103,30.496688 35.981987,81.214202 57.754146,46.608618 -149.925582,-4.937437 -145.820443,-56.287734 -140.748583,-72.134269 22.675117,-21.106886 32.485684
-51.680988 -120.922810,-0.268206 -116.397951,51.240792 -111.910752,76.850543 48.081620,25.837809 61.882390,-25.761890 65.349422,-76.621408 78.873697,-34.620748 -88.857287,16.946269 -85.288605,68.220134 -77.370696,60.045205 87.385059,8.634585 93.074368,-42.872651 96.949330,-84.554646 -127.412011,-17.471189 -57.509739,34.129023 -53.950277,84.318381 -17.405514,42.988705 120.274795,-8.579858 124.159796,-59.874430 129.809780,-68.593735 -65.566584,-0.268206 -26.397951,51.240792 -21.910752,76.850543 138.081620,25.837809 151.882390,-25.761890 155.349422,-76.621408 168.873697,-51.680988 -30.922810,16.946269 4.711395,68.220134 12.629304,60.045205 177.385059,8.634585 -176.925632,-42.872651 -173.050670,-84.554646 -37.412011,-34.620748 1.142713,34.129023 36.049723,84.318381 72.594486,42.988705 -149.725205,-8.579858 -145.840204,-59.874430 -140.190220,-68.593735 24.433416,-17.471189 32.490261
-48.079231 -120.628537,3.376018 -116.420642,54.849431 -111.533431,73.344188 51.294229,22.199568 61.904542,-29.390739 65.387796,-80.041418 84.247543,-30.997104 -88.786761,20.587270 -85.285266,71.777131 -75.674962,56.446020 87.953874,4.990361 93.054773,-46.482008 97.146498,-81.508951 -111.414394,-13.833068 -57.515044,37.758198 -53.854112,86.330982 20.759561,39.364718 120.425154,-12.220806 124.144433,-63.452303 130.563132,-65.033747 -64.356445,3.376018 -26.420642,54.849431 -21.533431,73.344188 141.294229,22.199568 151.904542,-29.390739 155.387796,-80.041418 174.247543,-48.079231 -30.628537,20.587270 4.714734,71.777131 14.325038,56.446020 177.953874,4.990361 -176.945227,-46.482008 -172.853502,-81.508951 -21.414394,-30.997104 1.213239,37.758198 36.145888,86.330982 110.759561,39.364718 -149.574846,-12.220806 -145.855567,-63.452303 -139.436868,-65.033747 25.643555,-13.833068 32.484956
-44.472101 -120.405338,7.020336 -116.441603,58.451799 -111.033114,69.798560 53.325094,18.559331 61.912986,-33.016050 65.447352,-83.272336 95.155787,-27.369784 -88.739573,24.226441 -85.269581,75.303897 -73.079310,52.840024 88.380990,1.346043 93.032620,-50.086210 97.406943,-78.149504 -104.234648,-10.192901 -57.527807,41.383859 -53.722350,85.447395 71.312848,35.737055 120.536092,-15.859882 124.135542,-67.018699 131.602381,-61.460540 -63.490558,7.020336 -26.441603,58.451799 -21.033114,69.798560 143.325094,18.559331 151.912986,-33.016050 155.447352,-83.272336 -174.844213,-44.472101 -30.405338,24.226441 4.730419,75.303897 16.920690,52.840024 178.380990,1.346043 -176.967380,-50.086210 -172.593057,-78.149504 -14.234648,-27.369784 1.260427,41.383859 36.277650,85.447395 161.312848,35.737055 -149.463908,-15.859882 -145.864458,-67.018699 -138.397619,-61.460540 26.509442,-10.192901 32.472193
-40.860059 -120.237076,10.664325 -116.458941,62.046507 -110.361913,66.230345 54.697293,14.917477 61.910664,-36.637512 65.533279,-85.849253 122.442350,-23.739102 -88.711129,27.863410 -85.238321,78.773613 -68.756483,49.228311 88.704317,-2.297944 93.009761,-53.684717 97.750090,-74.680439 -100.339479,-6.551082 -57.545865,45.005630 -53.545641,82.646297 93.860659,32.106077 120.615647,-19.496698 124.135422,-70.568904 133.083875,-57.877508 -62.854362,10.664325 -26.458941,62.046507 -20.361913,66.230345 144.697293,14.917477 151.910664,-36.637512 155.533279,-85.849253 -147.557650,-40.860059 -30.237076,27.863410 4.761679,78.773613 21.243517,49.228311 178.704317,-2.297944 -176.990239,-53.684717 -172.249910,-74.680439 -10.339479,-23.739102 1.288871,45.005630 36.454359,82.646297 -176.139341,32.106077 -149.384353,-19.496698 -145.864578,-70.568904 -136.916125,-57.877508 27.145638,-6.551082 32.454135
-37.243480 -120.111922,14.307567 -116.470646,65.631319 -109.444153,62.647504 55.666821,11.274400 61.900112,-40.254818 65.652149,-86.118851 175.334251,-20.105387 -88.697677,31.497819 -85.187602,82.112583 -60.532149,45.611637 88.949598,-5.941175 92.988025,-57.276770 98.203725,-71.161216 -97.953891,-2.908018 -57.567232,48.623076 -53.311497,79.345152 103.187029,28.472131 120.670063,-23.130887 124.146685,-74.093828 135.300071,-54.286634 -62.378668,14.307567 -26.470646,65.631319 -19.444153,62.647504 145.666821,11.274400 151.900112,-40.254818 155.652149,-86.118851 -94.665749,-37.243480 -30.111922,31.497819 4.812398,82.112583 29.467851,45.611637 178.949598,-5.941175 -177.011975,-57.276770 -171.796275,-71.161216 -7.953891,-20.105387 1.302323,48.623076 36.688503,79.345152 -166.812971,28.472131 -149.329937,-23.130887 -145.853315,-74.093828 -134.699929,-54.286634 27.621332,-2.908018 32.432768
-33.622692 -120.020981,17.949653 -116.474513,69.202400 -108.152922,59.054266 56.373024,7.630507 61.883573,-43.867644 65.812463,-83.773893 -152.638496,-16.468985 -88.696083,35.129318 -85.112650,85.051070 -41.359417,41.990559 89.134950,-9.583231 92.969278,-60.861227 98.809080,-67.614436 -96.375176,0.735871 -57.590031,52.235665 -53.002781,75.889949 107.948675,24.835566 120.704290,-26.762100 124.172376,-77.573878 138.863358,-50.689146 -62.019243,17.949653 -26.474513,69.202400 -18.152922,59.054266 146.373024,7.630507 151.883573,-43.867644 155.812463,-83.773893 -62.638496,-33.622692 -30.020981,35.129318 4.887350,85.051070 48.640583,41.990559 179.134950,-9.583231 -177.030722,-60.861227 -171.190920,-67.614436 -6.375176,-16.468985 1.303917,52.235665 36.997219,75.889949 -162.051325,24.835566 -149.295710,-26.762100 -145.827624,-77.573878 -131.136642,-50.689146 27.980757,0.735871 32.409969
-29.998004 -119.957404,21.590188 -116.468064,72.752635 -106.258521,55.453067 56.898048,3.986215 61.863084,-47.475626 66.025477,-80.600962 -140.099746,-12.830262 -88.703673,38.757561 -85.007471,86.413911 5.237088,38.365521 89.273515,-13.223703 92.955484,-64.436266 99.630120,-64.050343 -95.275261,4.380163 -57.612430,55.842684 -52.595280,72.370210 110.756340,21.196739 120.722343,-30.390005 124.216132,-80.959275 145.272668,-47.085855 -61.746487,21.590188 -26.468064,72.752635 -16.258521,55.453067 146.898048,3.986215 151.863084,-47.475626 156.025477,-80.600962 -50.099746,-29.998004 -29.957404,38.757561 4.992529,86.413911 95.237088,38.365521 179.273515,-13.223703 -177.044516,-64.436266 -170.369880,-64.050343 -5.275261,-12.830262 1.296327,55.842684 37.404720,72.370210 -159.243660,21.196739 -149.277657,-30.390005 -145.783868,-80.959275 -124.727332,-47.085855 28.253513,4.380163 32.387570
-26.369725 -119.915799,25.228789 -116.448434,76.267415 -103.300980,51.845404 57.293408,0.341946 61.840553,-51.078320 66.306482,-77.200920 -134.127527,-9.189600 -88.718102,42.382189 -84.864370,84.773953 48.691751,34.736909 89.375090,-16.862193 92.948769,-67.998798 100.771652,-60.474167 -94.481641,8.024433 -57.632586,59.443107 -52.053560,68.817209 112.569213,17.556018 120.727546,-34.014286 124.282385,-84.087707 159.039869,-43.477330 -61.539821,25.228789 -26.448434,76.267415 -13.300980,51.845404 147.293408,0.341946 151.840553,-51.078320 156.306482,-77.200920 -44.127527,-26.369725 -29.915799,42.382189 5.135630,84.773953 138.691751,34.736909 179.375090,-16.862193 -177.051231,-67.998798 -169.228348,-60.474167 -4.481641,-9.189600 1.281898,59.443107 37.946440,68.817209 -157.430787,17.556018 -149.272454,-34.014286 -145.717615,-84.087707 -110.960131,-43.477330 28.460179,8.024433 32.367414
-22.738174 -119.891830,28.865087 -116.412233,79.712104 -98.222062,48.232260 57.593048,-3.301875 61.817821,-54.675138 66.676847,-73.714461 -130.757769,-5.547397 -88.737264,46.002815 -84.673246,81.762787 65.999222,31.105079 89.447159,-20.498321 92.951508,-71.543224 102.417731,-56.888817 -93.895256,11.668258 -57.648579,63.035360 -51.323577,65.244381 113.811497,13.913787 120.722717,-37.634635 124.376663,-86.251596 -165.609629,-39.864003 -61.384472,28.865087 -26.412233,79.712104 -8.222062,48.232260 147.593048,-3.301875 151.817821,-54.675138 156.676847,-73.714461 -40.757769,-22.738174 -29.891830,46.002815 5.326754,81.762787 155.999222,31.105079 179.447159,-20.498321 -177.048492,-71.543224 -167.582269,-56.888817 -3.895256,-5.547397 1.262736,63.035360 38.676423,65.244381 -156.188503,13.913787 -149.277283,-37.634635 -145.623337,-86.251596 -75.609629,-39.864003 28.615528,11.668258 32.351421
-19.103684 -119.881936,32.498729 -116.355358,82.984732 -88.073741,44.614322 57.820257,-6.944824 61.796719,-58.265234 67.167425,-70.186134 -128.642239,-1.904064 -88.759210,49.618982 -84.420510,78.402813 73.605971,27.470377 89.495563,-24.131725 92.966421,-75.058459 104.922308,-53.296020 -93.455255,15.311222 -57.658354,66.616868 -50.318639,61.658352 114.697689,10.270444 120.710302,-41.250740 124.506005,-85.639736 -113.797121,-36.246233 -61.269533,32.498729 -26.355358,82.984732 1.926259,44.614322 147.820257,-6.944824 151.796719,-58.265234 157.167425,-70.186134 -38.642239,-19.103684 -29.881936,49.618982 5.579490,78.402813 163.605971,27.470377 179.495563,-24.131725 -177.033579,-75.058459 -165.077692,-53.296020 -3.455255,-1.904064 1.240790,66.616868 39.681361,61.658352 -155.302311,10.270444 -149.289698,-41.250740 -145.493995,-85.639736 -23.797121,-36.246233 28.730467,15.311222 32.341646
-15.466606 -119.883124,36.129366 -116.272738,85.677556 -63.005350,40.992112 57.991571,-10.586484 61.779136,-61.847317 67.824529,-66.633849 -127.219293,1.739979 -88.782081,53.230117 -84.087374,74.924723 77.675192,23.833152 89.524966,-27.762059 92.996697,-78.519653 109.055227,-49.696865 -93.122205,18.952920 -57.659640,70.183122 -48.890559,58.062728 115.347403,6.626399 120.692478,-44.862270 124.679573,-82.940156 -89.242113,-32.624339 -61.186745,36.129366 -26.272738,85.677556 26.994650,40.992112 147.991571,-10.586484 151.779136,-61.847317 157.824529,-66.633849 -37.219293,-15.466606 -29.883124,53.230117 5.912626,74.924723 167.675192,23.833152 179.524966,-27.762059 -177.003303,-78.519653 -160.944773,-49.696865 -3.122205,1.739979 1.217919,70.183122 41.109441,58.062728 -154.652597,6.626399 -149.307522,-44.862270 -145.320427,-82.940156 0.757887,-32.624339 28.813255,18.952920 32.340360
-11.827309 -119.892820,39.756649 -116.157964,86.226598 -10.730749,37.366053 58.119080,-14.226448 61.767071,-65.419293 68.721011,-63.066034 -126.216932,5.384308 -88.804048,56.835439 -83.647044,71.393795 80.145618,20.193766 89.539170,-31.388997 93.046169,-81.859859 116.802645,-46.092082 -92.869421,22.592959 -57.649865,73.725546 -46.764359,54.459626 115.832475,2.982071 120.671240,-48.468844 124.909583,-79.677600 -79.237351,-28.998631 -61.129708,39.756649 -26.157964,86.226598 79.269251,37.366053 148.119080,-14.226448 151.767071,-65.419293 158.721011,-63.066034 -36.216932,-11.827309 -29.892820,56.835439 6.352956,71.393795 170.145618,20.193766 179.539170,-31.388997 -176.953831,-81.859859 -153.197355,-46.092082 -2.869421,5.384308 1.195952,73.725546 43.235641,54.459626 -154.167525,2.982071 -149.328760,-48.468844 -145.090417,-79.677600 10.762649,-28.998631 28.870292,22.592959 32.350135
-8.186182 -119.908755,43.380216 -116.002764,84.010217 23.993772,33.736520 58.211859,-17.864325 61.762711,-68.977550 69.978330,-59.487104 -125.488246,9.028497 -88.823253,60.433799 -83.059894,67.834388 81.771114,16.552590 89.541346,-35.012225 93.119537,-84.841192 134.486475,-42.482195 -92.678177,26.230961 -57.626033,77.225917 -43.370464,50.850370 116.198620,-0.662117 120.648472,-52.069986 125.212752,-76.246201 -74.205887,-25.369419 -61.093358,43.380216 -26.002764,84.010217 113.993772,33.736520 148.211859,-17.864325 151.762711,-68.977550 159.978330,-59.487104 -35.488246,-8.186182 -29.908755,60.433799 6.940106,67.834388 171.771114,16.552590 179.541346,-35.012225 -176.880463,-84.841192 -135.513525,-42.482195 -2.678177,9.028497 1.176747,77.225917 46.629536,50.850370 -153.801380,-0.662117 -149.351528,-52.069986 -144.787248,-76.246201 15.794113,-25.369419 28.906642,26.230961 32.373967
-4.543626 -119.928874,46.999662 -115.796203,80.856255 37.477133,30.103863 58.276880,-21.499738 61.768516,-72.515398 71.814646,-55.899564 -124.947143,12.672125 -88.837745,64.023408 -82.264703,64.257431 82.899179,12.910012 89.534196,-38.631436 93.222698,-86.417258 178.475658,-38.867610 -92.534921,29.866563 -57.584581,80.638775 -37.335306,47.235845 116.476319,-4.305740 120.626004,-55.665050 125.612643,-72.745433 -71.267402,-21.737024 -61.073596,46.999662 -25.796203,80.856255 127.477133,30.103863 148.276880,-21.499738 151.768516,-72.515398 161.814646,-55.899564 -34.947143,-4.543626 -29.928874,64.023408 7.735297,64.257431 172.899179,12.910012 179.534196,-38.631436 -176.777302,-86.417258 -91.524342,-38.867610 -2.534921,12.672125 1.162255,80.638775 52.664694,47.235845 -153.523681,-4.305740 -149.373996,-55.665050 -144.387357,-72.745433 18.732598,-21.737024 28.926404,29.866563 32.415419
-0.900055 -119.951258,50.614507 -115.523465,77.452206 43.775630,26.468431 58.319625,-25.132329 61.787320,-76.019185 74.662316,-52.304925 -124.539890,16.314780 -88.845419,67.601281 -81.161678,60.668480 83.710866,9.266435 89.520083,-42.246314 93.363201,-85.007574 -135.650264,-35.248673 -92.429574,33.499411 -57.521167,83.819565 -24.593647,43.616684 116.686698,-7.948375 120.605680,-59.253093 126.143619,-69.209281 -69.381668,-18.101784 -61.067034,50.614507 -25.523465,77.452206 133.775630,26.468431 148.319625,-25.132329 151.787320,-76.019185 164.662316,-52.304925 -34.539890,-0.900055 -29.951258,67.601281 8.838322,60.668480 173.710866,9.266435 179.520083,-42.246314 -176.636799,-85.007574 -45.650264,-35.248673 -2.429574,16.314780 1.154581,83.819565 65.406353,43.616684 -153.313302,-7.948375 -149.394320,-59.253093 -143.856381,-69.209281 20.618332,-18.101784 28.932966,33.499411 32.478833
